Loc,theta,z,ToA_S1,ToA_S2,ToA_S3,ToA_S4,ToA_S5,ToA_S6,ToA_S7,ToA_S8,Amplitude_S1,Amplitude_S2,Amplitude_S3,Amplitude_S4,Amplitude_S5,Amplitude_S6,Amplitude_S7,Amplitude_S8,SignalEnergy_S1,SignalEnergy_S2,SignalEnergy_S3,SignalEnergy_S4,SignalEnergy_S5,SignalEnergy_S6,SignalEnergy_S7,SignalEnergy_S8,Force_N,Impact_Type
1,0,7.5,0,2.38418579101562e-05,0.000104427337646484,7.2479248046875e-05,0.000145912170410156,0.000156402587890625,0.00020599365234375,0.000158786773681641,-1,-0.258498956139253,-0.671219082041429,0.479441929537633,-0.571546678056861,0.521618727819256,0.60176652845589,-0.4768730779675,0.000393315438093142,0.000130667426801662,0.000553774007725508,0.000333421163910563,0.00040924839834755,0.000408173885298989,0.000420033953361566,0.000321037206487602,21.2342005688697,1
1,0,7.5,0,8.96453857421875e-05,0.000115871429443359,9.29832458496094e-05,0.000165939331054688,0.000189781188964844,0.000228404998779297,0.000174045562744141,-1,-0.245901325731522,-0.597213627023204,0.451483510166334,-0.590883461724872,0.473968875107804,0.62148845002453,-0.476046465163077,0.000253479539049862,8.38161106394584e-05,0.000350449225194703,0.000213972008856117,0.000262152757651661,0.000253938553295219,0.00027671842810437,0.000205292331599867,15.9927769352428,1
1,0,7.5,0,9.20295715332031e-05,0.000115871429443359,8.15391540527344e-05,0.000117778778076172,0.000181674957275391,0.000215530395507812,0.000171184539794922,-1,-0.236481883064665,-0.595385704621156,0.414211764957475,-0.550312799347917,0.480336229527309,0.570737916381567,-0.446141126601791,0.000330118620315138,0.000108279204122559,0.000448884732893361,0.000272401041191804,0.000332487377996557,0.000326816369162869,0.000353212075424332,0.000264299868977845,18.5126921437173,1
1,0,7.5,0,3.91006469726562e-05,5.19752502441406e-05,2.86102294921875e-05,9.29832458496094e-05,0.000165462493896484,0.000171661376953125,0.000165462493896484,-1,-0.234607841437067,-0.613884941142868,0.421289508391517,-0.620234811127274,0.457967466359661,0.619445283023019,-0.433959024206063,0.000718063959306412,0.000210799682743249,0.000975322305479841,0.000550396226864936,0.000746724529995374,0.000664265945674091,0.000779342903807929,0.000523153893062409,25.7700479441238,1
2,0,15,0,4.81605529785156e-05,0.000133514404296875,3.71932983398438e-05,4.62532043457031e-05,0.000101566314697266,0.00012969970703125,0.000102996826171875,-0.811736126448093,-0.343223195182585,-1,-0.548826711352893,-0.80531246377158,0.750320204484181,0.888350092610228,-0.649492509741562,0.000365332457064848,0.000163303891789076,0.000686679915208156,0.000397590911656022,0.000499812427907635,0.000481476652703049,0.00055588612493499,0.000390076168335908,16.5975565852767,1
2,0,15,0,5.43594360351562e-05,6.67572021484375e-05,1.85966491699219e-05,4.57763671875e-05,0.000110626220703125,0.000140666961669922,0.000105857849121094,-0.762587900143907,-0.317491046860129,-1,0.511594061532923,-0.760720313379793,0.706297057245409,0.861783372641214,-0.631016651510607,0.000708469911750151,0.000300742731182327,0.00132623014519462,0.000742751793981282,0.000972392262997385,0.000891376481601608,0.00107400836187232,0.000717954035191885,21.7381836105646,1
2,0,15,0,4.33921813964844e-05,0.000121116638183594,2.14576721191406e-05,3.52859497070312e-05,0.000108242034912109,0.000136852264404297,9.63211059570312e-05,-0.816390674801211,0.33177598904793,-1,0.536080161951181,-0.836886830024903,0.727502474748486,0.903670007246695,0.615744088379334,0.000376687992316976,0.000159183378377945,0.000684305419054204,0.000388834164865331,0.000515804505055111,0.000469813193582452,0.000584624197255253,0.000378889639060912,16.4967599769377,1
2,0,15,0,4.33921813964844e-05,0.000124931335449219,3.14712524414062e-05,5.14984130859375e-05,0.000102996826171875,0.000135421752929688,0.000102043151855469,-0.795519149029652,0.328552283252314,-1,0.506681913047895,-0.801669171148735,0.7161169694449,0.890994400373889,-0.629020569412784,0.000799930635157041,0.000341727343807272,0.00148404062235461,0.000842468258553723,0.00109629108994362,0.00101290121247173,0.00121765763618007,0.000817800574739905,23.6533191690052,1
3,0,22.5,0,4.00543212890625e-05,9.20295715332031e-05,5.05447387695312e-05,4.76837158203125e-07,4.1961669921875e-05,8.44001770019531e-05,4.62532043457031e-05,-0.61297185216289,0.442392817490758,-1,0.677716859916578,-0.71494601717565,0.734130469489489,-0.868459234965595,0.636966727596403,0.000600025915580473,0.000272476287222272,0.00115706757182377,0.000662062337036273,0.00083936318490574,0.000801885801908379,0.000964992694634138,0.000645006296034626,19.4198616187681,1
3,0,22.5,0,6.43730163574219e-05,8.86917114257812e-05,4.67300415039062e-05,7.62939453125e-06,3.29017639160156e-05,7.86781311035156e-05,4.00543212890625e-05,-0.600634117377439,0.437987256052675,-1,0.668896722879885,-0.712461262890274,0.711853477826882,-0.874686629231811,0.618313221705402,0.000786751212734206,0.000346815848066918,0.00151952569316852,0.000848125458276816,0.00109314321645505,0.00101616067111793,0.0012454848431575,0.000820055930886675,22.1413700439205,1
3,0,22.5,1.28746032714844e-05,5.91278076171875e-05,8.86917114257812e-05,3.09944152832031e-05,0,3.09944152832031e-05,9.10758972167969e-05,5.81741333007812e-05,-0.604641142244656,0.415641933139662,-1,0.629023101568349,-0.713279117018747,0.722341369261453,-0.863925274229701,0.60468841769937,0.000619598684446626,0.000277720683808252,0.00120413463228501,0.000679500530347208,0.000860314558824428,0.000813624539479501,0.000976006023465036,0.000656259326223086,20.1254378771409,1
3,0,22.5,0,4.24385070800781e-05,8.05854797363281e-05,4.43458557128906e-05,3.814697265625e-06,5.05447387695312e-05,8.58306884765625e-05,4.10079956054688e-05,-0.622244746852479,0.418619068387127,-1,0.670583742013644,-0.70226799534367,0.715555119984788,-0.836579838247739,0.643263791307092,0.00074079188564966,0.000331936373621763,0.00141365845152588,0.000815784021055716,0.00102869331374034,0.000964152201722232,0.00118124320139171,0.000777731276600523,21.6373870022256,1
4,0,30,4.76837158203125e-05,9.29832458496094e-05,0.000143051147460938,0.000102519989013672,0,2.71797180175781e-05,0.000135898590087891,2.47955322265625e-05,-0.586735740138772,0.407023005544031,1,-0.688964970984852,-0.795274537762767,0.62000172987136,-0.885393172625923,0.699042920169068,0.000897761112998126,0.000418110503968758,0.00175525183264853,0.00104772027720952,0.00129072401451461,0.00127933381039119,0.0013431999748079,0.00101439345469796,26.9796072441915,1
4,0,30,7.91549682617188e-05,0.0001373291015625,0.000204086303710938,9.5367431640625e-05,0,0.000103950500488281,0.000142097473144531,7.15255737304688e-05,-0.71066432987684,0.469927461100068,1,-0.823531488594143,-0.993168516408363,0.78313491723944,-0.94338281265443,0.719421269579838,0.000297231176993001,0.00015975487903769,0.000590301302993908,0.000387135008504159,0.000452585514004114,0.000474829386464769,0.000474590430231042,0.000386619256439713,16.7991498019546,1
4,0,30,9.29832458496094e-05,0.000147819519042969,0.000227928161621094,0.000109672546386719,0,3.29017639160156e-05,0.000127792358398438,9.77516174316406e-05,-0.714643853917983,0.471298407482627,1,-0.787577226625804,-0.993323986156649,0.746705906953811,-0.94500063459545,0.669775610931219,0.000457691839275173,0.000241935221140138,0.000899969951109354,0.000585992858064987,0.000702110235873887,0.000721884029690869,0.000741808111730601,0.000584839143726987,20.2262344854799,1
4,0,30,0.000123977661132812,0.000180244445800781,0.000247955322265625,9.96589660644531e-05,0,0.000111579895019531,0.000134944915771484,0.000118732452392578,0.705765643407024,0.47045262665818,1,-0.808104384812647,-0.973459967274648,0.748925857695638,-0.944111808413357,0.71052363075442,0.000389110409786355,0.000203407956529453,0.000767823610582161,0.00049441373712355,0.000590295849707012,0.000606421542833179,0.000619983035992876,0.000491750210831163,18.6134887520563,1
5,0,37.5,0.000145435333251953,0.000213623046875,0.000232219696044922,0.000188827514648438,0,9.01222229003906e-05,0.000100135803222656,9.01222229003906e-05,-0.41107314543824,0.253502951465692,0.605592662903416,-0.444349127346439,-1,-0.402503913161744,-0.545411823983506,0.46555376729065,0.000287963348819594,0.000136332241060923,0.00055751616503509,0.00033609874070553,0.00054148932106456,0.000422151219784322,0.00044398746159735,0.000334943604649729,22.8469463022934,1
5,0,37.5,0.000145912170410156,0.000194549560546875,0.000226497650146484,0.000182151794433594,0,3.09944152832031e-05,9.39369201660156e-05,5.05447387695312e-05,-0.460354686081428,0.23443710229926,0.560189557391337,-0.431023387389847,-1,-0.380096983112571,-0.516800899557981,0.423076265773822,0.000438434721010387,0.000197358070861865,0.000829413243685562,0.000489138336174585,0.000822221897828382,0.000603257580239587,0.000694344417846504,0.00048341439737446,25.6692513357848,1
5,0,37.5,0.000184535980224609,0.000217437744140625,0.000295639038085938,0.000196456909179688,0,6.15119934082031e-05,0.000116825103759766,8.24928283691406e-05,-0.406455152429946,0.242812896671233,0.585065134358507,-0.417096142250061,-1,-0.39717039714994,-0.558938724441607,0.428289311562398,0.000302238749097051,0.000141682949411214,0.000585887249114652,0.00034502590209147,0.000578448088868172,0.000432367366584231,0.000474153154643849,0.000345478782790848,23.4517259523273,1
5,0,37.5,0.000238895416259766,0.000258445739746094,0.000369071960449219,0.000253677368164062,0,0.0001068115234375,0.000185012817382812,0.00012969970703125,0.395094012358107,0.243377897742728,0.540134825266542,-0.397836114723904,-1,-0.363010230050464,-0.501703248097066,0.391764548771486,0.00028425262223414,0.000139882084057038,0.000551807284456065,0.000337308637826728,0.000553259174299566,0.00041740119201446,0.000461488231540946,0.000337899905954779,22.1413700439205,1
6,0.785398163397448,7.5,0,1.95503234863281e-05,5.00679016113281e-05,7.15255737304688e-06,0.000162601470947266,0.000158786773681641,0.000125885009765625,0.000129222869873047,1,0.685074938950613,0.462814642304895,-0.508014582224369,0.474226752642578,0.590806122646501,0.572008634514213,0.572120531383593,0.000492093101398249,0.000277031840933284,0.000531043451561923,0.000720330210182465,0.000499627318175955,0.000507803961196954,0.000708285981629287,0.00060315620110752,30.5074885360558,1
6,0.785398163397448,7.5,0,3.52859497070312e-05,0.000113010406494141,2.52723693847656e-05,0.000185966491699219,0.000172615051269531,0.000115871429443359,0.000152111053466797,1,0.670052992354014,0.5250904506838,0.508311164939655,0.500373872737759,0.591405382847286,0.582737353982547,0.562468898197021,0.000252183129824142,0.000129363347370806,0.000282015697539945,0.000337650320137199,0.000259995555067096,0.000231688152069455,0.000367689358494818,0.000280925932231902,22.4437598689375,1
6,0.785398163397448,7.5,1.1444091796875e-05,0,2.33650207519531e-05,2.09808349609375e-05,0.000174045562744141,0.000171661376953125,0.000146865844726562,0.000142574310302734,1,0.687764113707511,0.446264893486411,0.505510538127711,0.448077540186099,0.574933887354919,0.526773325971765,0.525509788708524,0.000414173484688534,0.000235153612628554,0.000425083208933359,0.000599561546344942,0.000402527393988043,0.00042491922964255,0.000574974440772603,0.00050308390290152,28.9955394109711,1
6,0.785398163397448,7.5,2.38418579101562e-06,0,2.24113464355469e-05,1.43051147460938e-05,7.96318054199219e-05,0.000169277191162109,0.000134468078613281,0.000138759613037109,1,0.709526473252455,0.397332492650085,0.557547287230129,0.416411197677501,0.573459484770828,0.502483992205088,0.51218127558426,0.000365077514922222,0.000232775321001501,0.000346742759251628,0.000587004967706732,0.000334785371563568,0.000424673115387953,0.000487939888710915,0.000493497983284185,28.3907597609372,1
7,0.785398163397448,15,0,5.7220458984375e-06,0.000140666961669922,8.29696655273438e-05,0.000112533569335938,0.000150680541992188,0.000158309936523438,0.000168800354003906,0.837619109437688,0.655853855233678,0.75276146187435,0.848138630999035,0.650817700406835,0.744141374033753,1,0.9370535671547,0.000190270446690075,9.87672739037534e-05,0.000269452334101463,0.000319592028947891,0.000224891857222575,0.000202743862906176,0.000321967614487375,0.000243428404242036,20.2262344854799,1
7,0.785398163397448,15,5.00679016113281e-05,0,6.866455078125e-05,9.63211059570312e-05,0.000130176544189453,6.00814819335938e-05,0.000152111053466797,0.000126838684082031,0.773072774453574,0.672979985339065,-0.721261276082994,0.891386343197998,0.612355534881101,0.754104867131613,0.986478808803858,1,0.000311681238271548,0.000193239075863508,0.000433879763940219,0.000617746580911212,0.000369091571582631,0.000394566984841808,0.000533624840504836,0.000472731118793253,25.7700479441238,1
7,0.785398163397448,15,9.05990600585938e-06,0,7.53402709960938e-05,0.000104904174804688,0.000130653381347656,5.48362731933594e-05,0.000162601470947266,0.000135421752929688,0.795759764180091,0.627730716019056,0.762099963870583,0.807411190953911,-0.664667129782439,0.733650170835756,1,0.946640728904291,0.000609536652228339,0.000291961359610638,0.000900983594893328,0.000953076567440335,0.000747720206444651,0.000591757083672252,0.0010444080296067,0.000710322093465467,31.9186410528015,1
7,0.785398163397448,15,0,3.33786010742188e-06,2.81333923339844e-05,4.81605529785156e-05,0.000106334686279297,0.000108242034912109,0.000120162963867188,0.000103950500488281,0.888826035316355,0.643283223226901,0.832913508975675,-0.816662653933546,0.647601339674582,0.749402028994808,1,0.961755929935629,0.000292257198922144,0.000136412940531052,0.000421471928982333,0.000439222618005442,0.000350778498245587,0.000278715499368682,0.000494244250464546,0.000333269760953818,24.2580988190391,1
8,0.785398163397448,22.5,2.14576721191406e-05,2.24113464355469e-05,2.57492065429688e-05,3.814697265625e-05,0,4.05311584472656e-05,3.33786010742188e-05,3.814697265625e-05,0.704371064216679,0.599332470368154,0.912375890639271,0.978681938057175,0.78766963910318,1,0.909829847689779,-0.844242078544839,0.000162142397682568,8.49290432938219e-05,0.000237446986549726,0.000282920439965513,0.000196158397856045,0.000176326349472628,0.000272421277290782,0.000211666682791468,18.4118955353783,1
8,0.785398163397448,22.5,4.10079956054688e-05,5.29289245605469e-05,7.29560852050781e-05,3.29017639160156e-05,4.00543212890625e-05,0,7.58171081542969e-05,8.10623168945312e-05,0.754096954400003,0.56192643933753,0.907218574131212,-0.958853068964524,0.776970020753894,0.8890234857138,1,-0.750318270974521,0.000482133745668807,0.000190702145481307,0.00075313810246477,0.000640803476562802,0.000584537874322834,0.000396798598793277,0.000795853729187583,0.000452751246138865,28.4915563692762,1
8,0.785398163397448,22.5,5.53131103515625e-05,4.48226928710938e-05,6.4849853515625e-05,3.52859497070312e-05,3.62396240234375e-05,0,6.53266906738281e-05,6.96182250976562e-05,0.750962639432646,0.606079532800187,0.903648457877267,0.990395687788752,0.824007826655433,1,0.910962946166496,-0.869288461401873,0.000411033038003275,0.000217941626122962,0.000619796772827315,0.000725732633973769,0.000504846177054553,0.000448603331427729,0.000706984933163566,0.000537064663641977,28.9955394109711,1
8,0.785398163397448,22.5,1.38282775878906e-05,1.28746032714844e-05,3.24249267578125e-05,0,3.33786010742188e-06,4.76837158203125e-06,3.48091125488281e-05,3.86238098144531e-05,0.706601655958736,0.567252865947526,0.888933117643192,1,0.721185218742677,0.934829381895357,0.922465641016113,-0.807830643046998,0.000350858598833284,0.000196855922530557,0.000524962761056653,0.000656468065017345,0.000428553054430265,0.000405952746512896,0.000606214788139723,0.00048607616622133,27.9875733275813,1
9,0.785398163397448,30,0.000117301940917969,0.000100612640380859,0.000128746032714844,0.000143051147460938,0,1.66893005371094e-05,4.14848327636719e-05,5.57899475097656e-05,0.516971090421239,0.410426362006,0.75253488425251,1,0.765263698006338,0.77812874390867,0.796829893217589,0.700171775212517,0.000173339824960851,0.000109831507224475,0.000247486744366326,0.000362598559377369,0.000227414807409095,0.000233341535047724,0.00031709984852497,0.000279885025491414,21.6373870022256,1
9,0.785398163397448,30,0.000150203704833984,0.000132560729980469,0.000140190124511719,0.000156402587890625,0,4.29153442382812e-05,6.53266906738281e-05,6.43730163574219e-05,0.548662314908263,0.437396742638631,0.789218877800083,1,0.78941012702773,0.783906743655883,0.831571398680381,0.72771209977124,0.000410607087649826,0.000257611975561462,0.000594983377369997,0.000853008471755945,0.000545221557509403,0.000542407021053939,0.000762310117105795,0.000654480761333613,31.4146580111066,1
9,0.785398163397448,30,0.000115394592285156,0.000117301940917969,0.000118255615234375,7.00950622558594e-05,9.5367431640625e-06,1.09672546386719e-05,4.24385070800781e-05,0,0.618331153063815,0.483172289799966,0.866509469118334,1,0.776298473729394,0.815029384473723,0.806773357099259,0.75975429756947,0.000403368626588637,0.000271708911182481,0.000581110419345755,0.000886535811399007,0.000534764603460791,0.000578549461041134,0.000749723078210242,0.000681213518204946,30.4066919277168,1
9,0.785398163397448,30,0.000118255615234375,0.000105381011962891,0.000117778778076172,0.000141620635986328,1.9073486328125e-06,0,5.10215759277344e-05,5.24520874023438e-05,0.510716200093898,0.435690109611361,0.699652811695984,1,0.6995744684644,0.808428469477123,0.732160262173445,0.711884749280859,0.000235151519166311,0.000175293016080038,0.000333580534330591,0.000577843430575774,0.000309881218599855,0.000378694122185745,0.000439672652389705,0.000445666032827424,26.3748275941577,1
10,0.785398163397448,37.5,0.000165462493896484,0.000177383422851562,0.000134468078613281,0.000135421752929688,2.33650207519531e-05,0,2.19345092773438e-05,3.91006469726562e-05,0.257633165340412,0.283131558922618,-0.272692925770728,-0.433057554795903,0.74288136867258,1,0.334533350490318,0.476219736790226,7.93655489296607e-05,0.00011281581245587,0.000101386567540564,0.000337199525060492,0.000183679809629182,0.000380996284839696,0.000169964006599517,0.000295178610040839,23.8549123856832,1
10,0.785398163397448,37.5,0.000164985656738281,0.000175952911376953,0.000233173370361328,0.0001373291015625,2.6702880859375e-05,0,2.38418579101562e-05,2.05039978027344e-05,0.251953540590847,0.249645622534429,-0.254180922240155,-0.402009759391041,0.785452798394996,1,0.326436177622558,0.428976471303786,0.000122359308904189,0.000150324269311894,0.000157908673925498,0.000453291646547187,0.00029530894378444,0.000530908393509292,0.000261960182311596,0.000396399259822573,28.8947428026321,1
10,0.785398163397448,37.5,0.0001678466796875,0.000175952911376953,0.000147342681884766,0.000138282775878906,0,4.76837158203125e-06,2.14576721191406e-05,2.76565551757812e-05,0.25291921634669,0.26092526812143,-0.26523539288398,-0.43441867476297,0.787812671918941,1,0.274305648038073,0.423186299579194,0.000178793865143786,0.000248832384883015,0.000226091171614399,0.000751882531944224,0.000423918737064857,0.000849421466499247,0.00039025239558983,0.00065813465105917,33.7329800029031,1
10,0.785398163397448,37.5,0.000171661376953125,0.000185966491699219,0.000147342681884766,0.00014495849609375,0,1.00135803222656e-05,8.20159912109375e-05,3.91006469726562e-05,0.27307070323339,0.311184684415731,-0.27843972945322,-0.493166944474957,0.704271741949891,1,0.266174707915208,0.486930470296566,0.000162260431021259,0.00026522229881506,0.000202287094743689,0.000794822479222917,0.000336969819924317,0.000841807245975946,0.000352735558994693,0.000696392590778082,31.7170478361235,1
11,1.5707963267949,7.5,0.00477933883666992,0.0047612190246582,0,0.00487899780273438,0.00492382049560547,0.00486087799072266,0.00491905212402344,0.00497722625732422,0.519874929734593,-0.934346772174155,-0.00654099578931597,-1,-0.604103199161162,-0.930854918039379,0.644677615121571,0.966207104118981,0.000305766626954507,0.000444817329171123,1.1653177058184e-07,0.00108144042409825,0.000471558534869253,0.00102482386903814,0.000585182425854265,0.000977155145488843,26.2740309858187,1
11,1.5707963267949,7.5,0.00444507598876953,0.00442171096801758,0,0.0044550895690918,0.00456142425537109,0.00451326370239258,0.00457334518432617,0.00457382202148438,0.514548676738141,-0.922090812256967,-0.00457291202740621,-1,-0.635716952464784,-0.927066257439679,0.643874144762541,0.991141584677676,0.000368156333865076,0.000517017384048136,1.25810257140592e-07,0.00128030943205377,0.000563286120090784,0.0011899359642693,0.000705463869477234,0.00115297994513314,27.6851835025644,1
11,1.5707963267949,7.5,0.00477981567382812,0.0047450065612793,0,0.00484752655029297,0.00491046905517578,0.00490713119506836,0.00490856170654297,0.00496006011962891,0.551095757906814,-0.974530619271102,-0.0055994953087517,-1,-0.656757856463688,-0.92754771996317,0.672270823478369,0.949424209203683,0.000212696619662547,0.00029470808344724,1.2011857626198e-07,0.000700596222174996,0.000326264709794585,0.000649273210676788,0.000403584827745971,0.000634649036396318,21.7381836105646,1
11,1.5707963267949,7.5,0.00479221343994141,0.00477790832519531,0,0.00481367111206055,0.00492334365844727,0.00492238998413086,0.0049138069152832,0.00498199462890625,0.476443498979257,-0.944294250435822,-0.0049988380470042,-0.876985447681342,-0.578637606166992,-0.953163858879853,0.593992139838349,1,0.000271015705649002,0.000403753020605916,1.22137686702211e-07,0.000995914797164408,0.000409068179219534,0.000940367444271346,0.000508704413122694,0.000894020895047736,23.2501327356493,1
12,1.5707963267949,15,0.00299453735351562,0.00295543670654297,0,0.00308752059936523,0.00304841995239258,0.00299501419067383,0.00305891036987305,0.00309419631958008,0.4781354052443,-0.591594242374868,-0.0052873179778787,-1,-0.595279078021439,0.955077545731112,0.667435399015666,0.899729408455092,0.000350053335462512,0.000400905787233206,1.15688669543564e-07,0.00112823566154815,0.000544359242768402,0.00105074565403048,0.000649369267753793,0.000996802507027233,20.7302175271748,1
12,1.5707963267949,15,0.00458621978759766,0.004547119140625,0,0.00462055206298828,0.00464487075805664,0.00458717346191406,0.00464153289794922,0.00468254089355469,-0.449414803556089,-0.62648836132412,-0.00524147679545449,-0.929844279881771,-0.61624484835349,1,0.6897145740535,0.843642984555122,0.000323541070282702,0.00036712591671783,1.20809273972506e-07,0.000990774879095055,0.000511989499193894,0.000981541690102181,0.000601139106424936,0.000889269656889737,19.923844660463,1
12,1.5707963267949,15,0.00445365905761719,0.00444316864013672,0,0.00450658798217773,0.00454473495483398,0.00448513031005859,0.00455188751220703,0.00457668304443359,0.463458118153641,-0.619914002983203,-0.00437685340580253,-1,-0.60313729841422,0.995782574079972,0.679941709257653,0.909796534677925,0.000464536746928116,0.000551760164209804,1.17166240416642e-07,0.00154526144779952,0.00072943907499591,0.00148115994291822,0.000867931430899227,0.00136540767349612,24.2580988190391,1
12,1.5707963267949,15,0.00476980209350586,0.00472545623779297,0,0.00480508804321289,0.00482082366943359,0.00477409362792969,0.00482463836669922,0.00485706329345703,0.4648943970196,-0.612125272855764,-0.0043000037496064,-1,-0.594220889753236,-0.859752961146989,0.674318547666839,0.906295680628263,0.000452059550772601,0.000533226844987423,1.14324605718754e-07,0.00151402320544598,0.000704280849530526,0.0014351963894599,0.000840694048300035,0.00133308836485598,23.9557089940221,1
13,1.5707963267949,22.5,0.00462961196899414,0.00456762313842773,0,0.00467109680175781,0.00460100173950195,0.00458431243896484,0.00463771820068359,0.00466728210449219,-0.497228405439547,0.670110464143713,-0.00565571219424834,-1,0.599207067741034,0.951022898474766,0.728044925522775,-0.908571469166299,0.00035640257656011,0.000406101126160927,1.15492553553952e-07,0.00115616837314314,0.000555379382225055,0.00112420002938009,0.00065155739133013,0.00100329748423877,21.4357937855477,1
13,1.5707963267949,22.5,0.00429821014404297,0.00424766540527344,0,0.00433540344238281,0.00428581237792969,0.00425434112548828,0.00431013107299805,0.00433158874511719,-0.510100275875806,0.614562362522292,-0.00452050983099914,-1,-0.549884434538691,0.873285060346911,0.675195089597829,-0.932203380290539,0.000544376655269239,0.000611670147183471,1.15903364574747e-07,0.00176478334791488,0.000851337084271626,0.00168183702801482,0.000997156281786944,0.00153263307293931,24.2580988190391,1
13,1.5707963267949,22.5,0.00482606887817383,0.00476312637329102,0,0.0048518180847168,0.00482368469238281,0.00476264953613281,0.00480175018310547,0.00482511520385742,-0.544521654649112,-0.546339784131622,-0.00466462047630269,-1,-0.608628310948635,-0.843333027149988,0.723859276096539,-0.946086457487779,0.000522720425491246,0.000590567475480108,1.19605035671285e-07,0.00171988955800996,0.000818784986280354,0.0016178339280903,0.000959686257240699,0.00149498386183695,23.7541157773442,1
13,1.5707963267949,22.5,0.00460290908813477,0.00453472137451172,0,0.00463056564331055,0.00460004806518555,0.00455284118652344,0.00461053848266602,0.00463771820068359,-0.519029723083327,0.662133276522648,-0.0053008100398806,-1,-0.621180184303091,0.991181935853891,0.754043070422516,-0.949665240971223,0.000466981164315115,0.000525755425759468,1.22191001714746e-07,0.00149821618335429,0.00074766983111741,0.00147536613260965,0.000874440518034532,0.00133257005831966,22.5445564772764,1
14,1.5707963267949,30,0.00477075576782227,0.0047144889831543,0,0.00481271743774414,0.00472736358642578,0.00468254089355469,0.00472593307495117,0.00475215911865234,-0.447063469051492,-0.515130471456364,-0.00568733544986357,1,0.547089752339726,-0.94886274174109,-0.525165860621245,-0.90041923872201,0.000453403130787525,0.000547344735486985,1.16565380583336e-07,0.0015585077781884,0.000712112112376201,0.00160226209186446,0.000851374668559259,0.00139546350302398,23.6533191690052,1
14,1.5707963267949,30,0.00476408004760742,0.00471305847167969,0,0.00480985641479492,0.00470972061157227,0.00467061996459961,0.00471019744873047,0.00469207763671875,-0.463170054428853,-0.527831780429669,-0.00422299662997691,1,0.571912816011669,-0.974659003005278,0.534192506291134,-0.912840075957595,0.000458318152923664,0.000550096646477476,1.14086280528133e-07,0.00155869603500637,0.000724090605274668,0.00160717645997785,0.000865877399816168,0.00140342972503023,24.661285252395,1
14,1.5707963267949,30,0.00127267837524414,0.00120687484741211,0,0.00131034851074219,0.00119304656982422,0.00118160247802734,0.00121545791625977,0.00124168395996094,-0.44566546140735,-0.478273958712176,-0.00319815134063398,1,0.518798536414339,-0.921283715153446,-0.506322266796302,-0.872212860222491,0.000558027704717379,0.000682150063548295,1.1695675324541e-07,0.00195915988167546,0.000859463975233212,0.00201809455977658,0.00102944213777475,0.00174436432139589,25.6692513357848,1
14,1.5707963267949,30,0.00465726852416992,0.00460338592529297,0,0.00469732284545898,0.00459861755371094,0.00456047058105469,0.00460004806518555,0.00457906723022461,-0.441266129328348,0.558561452870159,-0.00551820056835461,1,0.498904321460177,-0.953470957108853,-0.508172152323115,-0.850736072217542,0.000224396850172067,0.00027676909103152,1.3153321966949e-07,0.000775436730282846,0.000346425155527402,0.000829937479272458,0.000418060340901319,0.000697495537127442,17.3031328436495,1
15,1.5707963267949,37.5,0.000718593597412109,0.000672340393066406,0,0.000729084014892578,0.000603199005126953,0.000571250915527344,0.000606060028076172,0.00061798095703125,-0.245140615935885,-0.360479215554793,-0.00167509919414834,0.546524389547756,0.28731193370368,-1,-0.293206894946321,-0.457159097629964,0.000533490330191526,0.000762191664390442,1.16430872318556e-07,0.00213901884288366,0.000813259606982362,0.00291777483717157,0.000998903422382042,0.00201408197850239,36.8576748614115,1
15,1.5707963267949,37.5,0.00473499298095703,0.00468873977661133,0,0.00479936599731445,0.00463294982910156,0.00458526611328125,0.0046839714050293,0.00470447540283203,-0.244837693725653,-0.353877582454609,-0.00221537261818006,0.576980462286664,0.32869894206997,-1,-0.303008664705596,-0.50269276285733,0.000407428425283987,0.000534962933876449,1.13521978458704e-07,0.00149302681401974,0.00064071793921584,0.00197188473786621,0.000779094059114369,0.00139779707149433,31.6162512277846,1
15,1.5707963267949,37.5,0.00475406646728516,0.00470685958862305,0,0.00476408004760742,0.00462913513183594,0.00461149215698242,0.00461006164550781,0.00464916229248047,0.249426270808883,-0.389710655539093,-0.00187568235863837,0.600971507125103,0.30979476367205,-1,-0.314297839967624,-0.503780344915726,0.000454328386740974,0.000634324212746864,1.21272654986741e-07,0.00176808927652814,0.000696594038119034,0.00234706393749502,0.000846764305144072,0.00165833758970206,32.4226240944964,1
15,1.5707963267949,37.5,0.00464582443237305,0.00460147857666016,0,0.00469207763671875,0.00456142425537109,0.00444126129150391,0.00455570220947266,0.004547119140625,-0.22148296544438,-0.325726809313229,-0.00292372446689288,0.545261595643488,0.288527097398088,-1,-0.290517737358761,-0.463541314699609,0.000220785656386991,0.000287818528732747,1.28201514080744e-07,0.000799979140284846,0.000343895173360765,0.00112945078386568,0.000413438168641763,0.000750796186387673,24.2580988190391,1
16,2.35619449019234,7.5,0.00460052490234375,0.0045924186706543,0,0.00459384918212891,0.00471735000610352,0.00478506088256836,0.00475120544433594,0.00471401214599609,-0.387665978216632,0.933446616582712,-0.00762529953956997,1,-0.499993179455803,0.862005642787538,0.514543504049232,-0.680464709160054,8.35783793268035e-05,0.000138038449636131,1.26827526418015e-07,0.000297026063358115,0.000108848722796718,0.000390196659180774,9.94532788579204e-05,0.000241206109223283,24.2580988190391,1
16,2.35619449019234,7.5,0.00469207763671875,0.00457859039306641,0,0.00463199615478516,0.00472116470336914,0.00477981567382812,0.00470924377441406,0.00470685958862305,-0.428608224419623,1,-0.00860390199564089,0.972180459817266,-0.532180287272565,0.903961958415144,0.559329407868087,-0.672109435769394,8.22818141458646e-05,0.000128914481195191,1.32488873397261e-07,0.000271914795277061,0.000106410297421691,0.000359183600163167,9.77674510963451e-05,0.00022040272679097,24.1573022107001,1
16,2.35619449019234,7.5,0.00461149215698242,0.00460720062255859,0,0.0046076774597168,0.00473642349243164,0.0048065185546875,0.00476217269897461,0.00474119186401367,-0.40569914394687,0.984526766441441,-0.00666796258672223,1,-0.501594084050411,0.893916534124501,0.546524451039233,-0.678072054402361,0.000103179254834974,0.000161634167228942,1.21300548693029e-07,0.000346986760800508,0.000133748101571112,0.000457198074826253,0.000119458934902023,0.000282325140531011,25.7700479441238,1
16,2.35619449019234,7.5,0.0014653205871582,0.00139665603637695,0,0.00139951705932617,0.00151968002319336,0.00159311294555664,0.00154685974121094,0.00152111053466797,-0.415118215276772,1,-0.00683271396622923,0.987504121310081,-0.525291680082484,0.893856599721934,0.555951427561519,-0.672122544005872,9.60179412627195e-05,0.000147665547916974,1.1968360806462e-07,0.000312309774777149,0.000124101104628323,0.000414421353945822,0.000111811786620754,0.000254149159343329,25.4676581191068,1
17,2.35619449019234,15,0.00462961196899414,0.0046076774597168,0,0.00469541549682617,0.00474834442138672,0.00472116470336914,0.00465822219848633,0.00471591949462891,-0.518855250670849,0.570387020733506,-0.0044513226677661,0.992689233065509,0.66588209542421,-1,-0.54649619743974,0.918335983452234,0.000375466945068136,0.00047909188992151,1.18066254405268e-07,0.00151593193530821,0.000436902233003489,0.00179188846474634,0.00037259998723193,0.00111840367729981,33.2289969612082,1
17,2.35619449019234,15,0.0046992301940918,0.00463008880615234,0,0.00468254089355469,0.0047450065612793,0.00471210479736328,0.00465822219848633,0.00476217269897461,-0.552657791992169,0.596183373161303,-0.00777972640444113,1,0.642373718462632,-0.972853947298793,0.53050964512722,0.931829367448781,0.000277514544174497,0.00034298106626087,1.17707145401834e-07,0.00108140297483642,0.000332123944149359,0.00132646192607094,0.000289125685216248,0.00081077166377784,30.5074885360558,1
17,2.35619449019234,15,0.00469350814819336,0.00462722778320312,0,0.00468683242797852,0.00474452972412109,0.00470304489135742,0.00465297698974609,0.00475835800170898,-0.53167667048331,0.607320731998087,-0.0119896540334555,0.938401926170519,0.676161345541804,-1,0.510937205029027,0.930021091568371,0.000198937016869685,0.000242255394081436,1.19283765822805e-07,0.000753481495604993,0.000233264215547166,0.0009233412427516,0.00019633069885464,0.000565638225329923,25.1652682940899,1
17,2.35619449019234,15,0.00463676452636719,0.00461292266845703,0,0.00462150573730469,0.00473356246948242,0.00473499298095703,0.00466299057006836,0.00473403930664062,-0.552904239686406,0.632975318955942,-0.0041695204584477,0.99228301765972,0.752800714031602,-1,-0.595638230336872,0.978036100147144,0.000470694562009241,0.000555369598212908,1.05588770798572e-07,0.00172965763537509,0.00054539266120741,0.00207140222945064,0.000452061891158613,0.00128609802025526,35.4465223446658,1
18,2.35619449019234,22.5,0.00459957122802734,0.00465774536132812,0,0.00464582443237305,0.00468540191650391,0.0046381950378418,0.00461339950561523,0.00468826293945312,-0.482612647584766,-0.618068366962791,-0.00453851418640553,0.994281288002875,-0.535279323490765,1,0.468564738441239,0.839665458032513,0.000355136983631803,0.000549591257628555,1.08183061729551e-07,0.00184475763479356,0.00041771272281428,0.00201250056689664,0.000420462093864077,0.00129828860927036,35.5473189530048,1
18,2.35619449019234,22.5,0.0046539306640625,0.00465059280395508,0,0.00465583801269531,0.00469207763671875,0.00464010238647461,0.00461053848266602,0.00469112396240234,-0.490760475924597,-0.630914323354853,-0.00635217708988544,0.889710567616605,-0.527869377270011,-1,0.601793550545831,0.725759598767304,0.000200096739733798,0.000254361482814461,1.12883689679307e-07,0.000833478741004325,0.000235448741084737,0.000984453329627592,0.000221710546501159,0.000604383192871599,26.4756242024966,1
18,2.35619449019234,22.5,6.4849853515625e-05,5.29289245605469e-05,0.00123739242553711,6.58035278320312e-05,4.91142272949219e-05,2.05039978027344e-05,0,6.103515625e-05,-0.490734725814255,-0.654848416995899,-0.00548487586017112,0.969123476773799,-0.552873095498463,-1,0.556233292032409,0.812504006412089,0.000308706678073755,0.000422979722651659,1.26202136236178e-07,0.00141132654640796,0.000359602146948806,0.00161117725790082,0.000340525704280194,0.00100637053148846,33.2289969612082,1
18,2.35619449019234,22.5,0.00465917587280273,0.00466203689575195,0,0.00465536117553711,0.00468301773071289,0.00463390350341797,0.00461769104003906,0.00468683242797852,-0.483442737908932,-0.598815700539791,-0.00554116551103884,0.858768183652017,-0.526724973079692,-1,0.582208270401897,0.761411206708022,0.000243865316774831,0.000340102100699991,1.11714953111285e-07,0.00111396442225156,0.000303893812457344,0.00133752274136267,0.000306042562625121,0.00082574672659051,30.2050987110389,1
19,2.35619449019234,30,0.0024113655090332,0.00244760513305664,0,0.00240945816040039,0.0023193359375,0.00234317779541016,0.00233650207519531,0.0023198127746582,0.486347328187624,-0.473434535892029,-0.00367433156652431,0.841052786718223,-0.448731269205795,1,-0.411717965297154,0.724034777858931,0.000290935044519961,0.000410230762478718,1.11642493951915e-07,0.00128868672628235,0.0003450478189134,0.00160843212805571,0.000324911405071382,0.00103000599976425,30.4066919277168,1
19,2.35619449019234,30,0.00461149215698242,0.00456142425537109,0,0.00460147857666016,0.00452184677124023,0.00454521179199219,0.00449991226196289,0.00458621978759766,0.441270824884221,-0.438075961672679,-0.00473240525186657,0.827384227926846,-0.421976350596177,1,-0.386574342123537,0.69606817063427,0.000349842673963524,0.000462294515523729,1.1176968091984e-07,0.00145568018720209,0.00041746945472818,0.0018447314821885,0.000374388104760543,0.00116553456354869,33.3297935695472,1
19,2.35619449019234,30,0.00116443634033203,0.00125503540039062,0,0.0012202262878418,0.00114727020263672,0.00116682052612305,0.00115680694580078,0.00120973587036133,0.437105555049609,-0.44942316942798,-0.00343227963127124,0.846752146588875,-0.42339426728316,1,-0.386645377663742,0.720722421684394,0.000357986572945954,0.000503697685741368,1.1166076615453e-07,0.00158913028725838,0.000429782211085897,0.00199492232991799,0.000395650971232106,0.00127344066342763,34.136166436259,1
19,2.35619449019234,30,0.00461721420288086,0.00465536117553711,0,0.00460910797119141,0.00457906723022461,0.00454378128051758,0.0045313835144043,0.00458812713623047,0.481428661439642,-0.439962292286256,-0.00581744412785363,0.836573252345918,-0.427460312262332,1,-0.398230279793218,0.695117228381261,0.000256898786538205,0.000337379452712161,1.04554222587177e-07,0.0010575127689889,0.000302389834473341,0.00133105196793021,0.000268855207709086,0.000848328347548326,27.9875733275813,1
20,2.35619449019234,37.5,0.00449562072753906,0.00458669662475586,0,0.0045623779296875,0.00444650650024414,0.00442743301391602,0.00441980361938477,0.00450038909912109,0.359011189181079,0.255666304423933,-0.00348961601356881,0.442180396150736,-0.301265529588468,1,0.857402220843074,-0.259184299086251,0.000287371357646537,0.000142953841173248,1.15172599964424e-07,0.000413703907625073,0.000377901241202072,0.000756279893138871,0.000434160653572214,0.000359274267021,27.3827936775474,1
20,2.35619449019234,37.5,0.00230789184570312,0.00229597091674805,0,0.00233554840087891,0.00223016738891602,0.00220775604248047,0.00219917297363281,0.0022282600402832,0.35730353317561,0.274572221865819,-0.0025547993080979,0.483278392730516,-0.288293647641561,1,0.809828380840221,-0.298146906862475,0.000410739512985358,0.000253581347051386,1.04294207139771e-07,0.00073800251536596,0.000531798901174609,0.00126900068504036,0.000595959776530494,0.000644075251487625,33.1282003528693,1
20,2.35619449019234,37.5,0.00452518463134766,0.00453424453735352,0,0.0045924186706543,0.00448703765869141,0.00445747375488281,0.00445699691772461,0.00447463989257812,-0.365068102855647,0.221371283136935,-0.00232338998259208,0.369964294447008,0.355360324219724,1,0.935607155088354,0.268587662570865,0.000591466806215303,0.000192525284150871,1.08524046958636e-07,0.000536862286540877,0.000799536643156999,0.00112591123454225,0.000964469356549236,0.00046575192142404,37.3616579031064,1
20,2.35619449019234,37.5,0.00255823135375977,0.00255203247070312,0,0.00258874893188477,0.00248384475708008,0.00246000289916992,0.00246095657348633,0.00248527526855469,0.374071870568136,0.251461559302343,-0.0030861733714406,0.388597077475977,0.38625173926826,1,0.932446766727174,-0.262267973151387,0.000399476005478622,0.000133860063654007,1.10087382664823e-07,0.00036728202086083,0.000535391790037793,0.000755457401683681,0.00062958116202509,0.000319510133040828,31.0114715777507,1
21,3.14159265358979,7.5,0.00456857681274414,0.00455665588378906,0,0.00455522537231445,0.00468015670776367,0.00468015670776367,0.00461578369140625,0.00468730926513672,-0.777401314591948,0.466306919824369,-0.00748019518060805,-0.662649417815513,0.999651479589616,-0.963235464141487,-1,0.733466594883982,0.000442926877196197,0.000188852082327479,1.41715460485851e-07,0.000464460606049582,0.000631328878233069,0.000597055398119981,0.000644360324625404,0.000451773868281434,25.0644716857509,1
21,3.14159265358979,7.5,0.00442886352539062,0.00439977645874023,0,0.00434494018554688,0.00451993942260742,0.00447845458984375,0.00444889068603516,0.00448846817016602,-0.872020804087353,0.494023542909876,-0.00676744938969532,-0.652506982659594,1,-0.930495373680605,-0.953648292756756,0.716011861251029,0.00039368056512147,0.000165154099268549,1.38669964954508e-07,0.000403274139501357,0.000568847762753552,0.000518934567694314,0.000588512455514546,0.00039938219495721,25.6692513357848,1
21,3.14159265358979,7.5,0.00438499450683594,0.0043635368347168,0,0.00436592102050781,0.00450325012207031,0.00450372695922852,0.00444984436035156,0.00448846817016602,-0.777288489496156,0.491712842016513,-0.00581145105771229,-0.657373974952281,1,-0.965750213115696,-0.970416732757904,0.754454210503929,0.00046139321278432,0.000202630664448679,1.34244223199778e-07,0.00049797404755192,0.000664186525425736,0.000642042457519204,0.000672714333210794,0.000486212766806312,27.2819970692085,1
21,3.14159265358979,7.5,0.000272750854492188,0.000261783599853516,0,0.000256538391113281,0.000392913818359375,0.000383377075195312,0.000326156616210938,0.000383853912353516,-0.763901426485193,0.437552562967439,-0.00427283735980066,-0.644151111758897,1,-0.931743373200348,-0.99428051249692,0.683775282797228,0.000830821256093178,0.000333198354823679,1.35414153891457e-07,0.000832366121750756,0.0011850804226356,0.00106658891773781,0.00120973010506478,0.000803251989354489,34.9425393029709,1
22,3.14159265358979,15,0.00468540191650391,0.00459194183349609,0,0.00458145141601562,0.00468683242797852,0.00464010238647461,0.00458955764770508,0.00465822219848633,-0.839036080453176,-0.395732971230731,-0.00625044008419296,-0.604891315020549,0.945993961051288,-0.795232071742673,1,0.642377146039428,0.000835211636122528,0.000342349047887849,1.26002733530235e-07,0.000851424975746047,0.00117400129169628,0.00104841076948905,0.00125884223596964,0.000828032749656166,23.9557089940221,1
22,3.14159265358979,15,0.00470447540283203,0.00469732284545898,0,0.00470066070556641,0.00482416152954102,0.00478076934814453,0.00471782684326172,0.004791259765625,-0.894283148511745,0.426003578130922,-0.0048992020079372,-0.634438077029412,1,-0.818232395215132,-0.899211939102089,0.665936643199942,0.00143805198923087,0.000560618404940646,1.23660903914617e-07,0.00141531287252001,0.002005305367694,0.00172857437166705,0.00212547301483992,0.0013457789572538,30.9106749694117,1
22,3.14159265358979,15,0.00464916229248047,0.00454044342041016,0,0.00461339950561523,0.00465154647827148,0.00463485717773438,0.00456905364990234,0.00463008880615234,-0.844826890545665,-0.382477247334781,-0.00630584117566228,-0.624913202341814,0.98458086332053,-0.838321564588895,1,0.642906674611925,0.000826634759838011,0.000346009687234006,1.36741653962614e-07,0.000857058419253446,0.0011704892752618,0.00106710024111157,0.00124585530665731,0.000840029702966211,24.862878469073,1
22,3.14159265358979,15,0.00239658355712891,0.00234270095825195,0,0.0023345947265625,0.00249147415161133,0.00246000289916992,0.00230312347412109,0.00234794616699219,-0.833686313763339,-0.376334261960003,-0.00624213978113931,0.60529343069613,0.977477317856722,-0.81940728651754,1,0.625908256840027,0.000489870869862752,0.000219266920797947,1.27373120344333e-07,0.000539074158040537,0.000703887370349283,0.000669501615748999,0.0007516001189981,0.000532836199865851,19.823048052124,1
23,3.14159265358979,22.5,0.00405550003051758,0.003936767578125,0,0.00393342971801758,0.00406932830810547,0.00396394729614258,0.00390338897705078,0.00393962860107422,-0.643403072671837,0.503260626417373,-0.0056264624573098,0.725370933452247,0.755267566754797,0.759900091239749,-1,0.695992154984149,0.00042957423549989,0.000216315311092237,1.30695632059937e-07,0.000547913190108154,0.00060589935796237,0.000629140284386664,0.000694742871029785,0.000501652863801997,19.621454835446,1
23,3.14159265358979,22.5,0.00474119186401367,0.00468873977661133,0,0.0046992301940918,0.00473308563232422,0.00469684600830078,0.00465536117553711,0.00470542907714844,-0.93995111702746,0.577433350763094,-0.00768934270641011,0.856866843316494,-1,-0.83954486406656,-0.97533880390933,0.848234197379865,0.000851747777420251,0.000388948362917494,1.25284061321829e-07,0.000964260517199208,0.00118764305837737,0.00114843458356548,0.0012782576600631,0.000914919729278296,24.2580988190391,1
23,3.14159265358979,22.5,0.00474691390991211,0.00467300415039062,0,0.00467252731323242,0.00472354888916016,0.00468778610229492,0.00463771820068359,0.00469541549682617,-0.965046473508069,0.523174385555372,-0.0039129007291718,0.789162349236839,-1,0.817254567699511,-0.991771779840735,0.801462078633756,0.00166356891507244,0.000727900012636945,1.30668877920648e-07,0.00183716331265417,0.00230567901973727,0.00215277088965466,0.00248136062874735,0.00171362495960578,32.8258105278523,1
23,3.14159265358979,22.5,0.00474071502685547,0.00467586517333984,0,0.00467872619628906,0.00473976135253906,0.00468683242797852,0.00464534759521484,0.00470399856567383,-0.916434624921555,0.532598964625381,-0.0049209111824905,0.826761360658652,-0.93418984334258,0.841777391945635,-1,0.779164982040176,0.000945663185774786,0.000403804605434507,1.22804145277196e-07,0.00102659341620422,0.00129895043579901,0.00117955818065924,0.00141402984863041,0.000938420375920374,25.5684547274458,1
24,3.14159265358979,30,0.00438213348388672,0.00431728363037109,0,0.00435304641723633,0.00451040267944336,0.00422573089599609,0.00417566299438477,0.00422286987304688,0.700183321071499,-0.412697454019809,-0.0072937124065314,-0.638524918684162,-0.81806291257055,-0.681543416340206,-1,-0.603901281348471,0.00029907033541048,0.000163238991799236,1.18150977687494e-07,0.000398702627800723,0.000446787835225759,0.000494446006100759,0.000524062045132433,0.000399412234621851,17.1015396269716,1
24,3.14159265358979,30,0.00252008438110352,0.00234460830688477,0,0.00236368179321289,0.00240325927734375,0.00237751007080078,0.00223779678344727,0.00229692459106445,0.77396233238446,-0.396808244247297,-0.00442974549863384,-0.64928359463075,-0.893286329009201,0.690670127317619,-1,-0.599644261084856,0.000749662629633465,0.000324961778446479,1.21975663723634e-07,0.000819405130629509,0.00108946506526044,0.00098307847443123,0.0012302147665114,0.000787754257510677,23.6533191690052,1
24,3.14159265358979,30,0.00470161437988281,0.00475597381591797,0,0.0047450065612793,0.00468969345092773,0.00467681884765625,0.00465536117553711,0.0046696662902832,0.852142065774407,0.492377794543296,-0.00588446057582217,-0.751430908352435,-0.973555482525903,0.778567700707774,-1,-0.679276756701775,0.00108103343257594,0.000453711324696146,1.18329617630158e-07,0.00114903596875987,0.00155039679850417,0.00136102691856928,0.00173476773998104,0.00108811588182826,26.4756242024966,1
24,3.14159265358979,30,0.00468587875366211,0.00463151931762695,0,0.00465250015258789,0.00470447540283203,0.00464820861816406,0.00453281402587891,0.00462055206298828,0.760379582313875,-0.414375211061922,-0.004956285781546,-0.676707258619663,-0.858495007376741,0.649513984419785,-1,-0.585686615607326,0.000537562318603821,0.000228190626554109,1.08036349673857e-07,0.000582937492466249,0.000781130027670314,0.00068462046625218,0.000890836101497684,0.000549060309098073,20.024641268802,1
25,3.14159265358979,37.5,0.00476503372192383,0.00465631484985352,0,0.0046539306640625,0.00460338592529297,0.0045323371887207,0.00444936752319336,0.00452470779418945,0.480169894296382,-0.207430061010179,-0.00258460024914754,0.304470594032107,-0.558144129183448,0.445911604576172,-1,-0.346024150972329,0.000653031870795589,0.000250198916179979,1.24151177694813e-07,0.000621850729426232,0.000971210195921849,0.000782169777060136,0.00130526696793439,0.000609511588209731,30.3058953193778,1
25,3.14159265358979,37.5,0.000307559967041016,0.000226974487304688,0.00191211700439453,0.000236988067626953,0.000104904174804688,8.58306884765625e-05,0,7.96318054199219e-05,0.377602873878226,-0.194754620860806,-0.00315457070757694,-0.296650204068987,-0.431619592829802,0.377904688589486,-1,0.298161640181182,0.000373437438290428,0.000178105463892278,1.22131839071792e-07,0.00043557971167195,0.000555179689647808,0.000542395524660713,0.000835159065452023,0.000435570638877832,25.0644716857509,1
25,3.14159265358979,37.5,0.0047602653503418,0.00467395782470703,0,0.00471019744873047,0.00461626052856445,0.00460338592529297,0.00447654724121094,0.00459527969360352,0.417567470101027,0.210731350471329,-0.00370518263901361,-0.339833862955956,-0.460438191224375,0.377743716875339,-1,0.332558901718891,0.000504475692351878,0.000207029642187241,1.12457994779008e-07,0.000519691236715502,0.000756333677954231,0.000630413460204257,0.0011129292289564,0.000509072663969079,26.6772174191746,1
25,3.14159265358979,37.5,0.00474166870117188,0.00472307205200195,0,0.00473308563232422,0.00469350814819336,0.004608154296875,0.00456905364990234,0.00467252731323242,0.4524455193255,0.23441884115816,-0.0027979935011874,-0.396098575225422,-0.489955122378151,0.343210480532392,-1,0.360117960017818,0.000451795433830589,0.000168725384042947,1.15866451439528e-07,0.000425619620064975,0.00068943420711522,0.000503563146438144,0.00103215447594762,0.000410922485106703,23.7541157773442,1
26,-2.35619449019234,7.5,0.00477123260498047,0.00477886199951172,0,0.00475120544433594,0.00488758087158203,0.00486230850219727,0.00492668151855469,0.00492715835571289,0.332054037369601,-0.21765985638453,-0.00244570579519415,1,0.437081763811165,0.363404708734264,0.524845009489924,0.399610592327699,0.000690866265220811,0.0002600928194157,1.12725967692634e-07,0.00108059635641612,0.000907157699186063,0.000526378650431518,0.00123015795369226,0.000653571923203351,33.5313867862252,1
26,-2.35619449019234,7.5,0.00476932525634766,0.00477123260498047,0,0.00474786758422852,0.00488901138305664,0.00489044189453125,0.00492477416992188,0.00492286682128906,0.33689502771571,-0.175000218341255,-0.00213413696158621,1,0.353120272135546,-0.300583245787733,0.460899047522051,0.339614447900592,0.000607559454259178,0.000240956293748896,1.07893406983782e-07,0.00112424971498986,0.000802974216899491,0.000495367777619708,0.00110480959069595,0.000610819985512703,36.4544884280556,1
26,-2.35619449019234,7.5,0.00467157363891602,0.00468063354492188,0,0.0046534538269043,0.00479221343994141,0.00473117828369141,0.00473451614379883,0.00482940673828125,0.341460705725642,-0.162706956409812,-0.00331865124011628,1,-0.339127067142244,-0.302933969100805,0.437322135206655,0.32205265711495,0.000484093922434847,0.000186041070008622,1.04948770766161e-07,0.000936156261030171,0.000641375917464915,0.00038200208777983,0.000881168098636757,0.000472495436966153,34.6401494779539,1
26,-2.35619449019234,7.5,0.00476360321044922,0.00476503372192383,0,0.00474786758422852,0.0048832893371582,0.00481653213500977,0.00492382049560547,0.00491857528686523,0.345557304145103,-0.176979968900233,-0.00348821492219101,1,0.369387064437229,-0.3013220742974,0.47509875414612,0.368970134191813,0.000493257482230886,0.000209591006067341,1.14705815257158e-07,0.000937254575243041,0.000650057104343573,0.000424648993360013,0.000902745137571071,0.000529224815870747,33.5313867862252,1
27,-2.35619449019234,15,0.00476217269897461,0.0046844482421875,0,0.00469350814819336,0.00481605529785156,0.00480318069458008,0.00478172302246094,0.00478315353393555,0.738965802050797,0.438461239769515,-0.00801724205560723,1,0.858860199162891,-0.726959321122492,-0.94217305682995,0.622950638491046,0.00023278683364673,9.02864211943362e-05,1.08719830882228e-07,0.00030998531915647,0.000289809867718183,0.000193237644390667,0.000396163190203545,0.000219761987246834,21.0326073521918,1
27,-2.35619449019234,15,0.00470781326293945,0.00470399856567383,0,0.00464200973510742,0.00476217269897461,0.0047612190246582,0.0047297477722168,0.00473403930664062,0.615034817735884,0.401272246524394,-0.00676152816665902,1,0.764970985534296,0.706433212146693,-0.798012822472817,0.590212729565766,0.000243813428575006,0.000112521502365589,1.13231419547967e-07,0.00038975883799235,0.000301419486645731,0.000237156486424376,0.000423652762622095,0.000276006195659571,22.8469463022934,1
27,-2.35619449019234,15,6.96182250976562e-05,6.29425048828125e-05,0.00123977661132812,0,0.000117778778076172,0.000111579895019531,8.82148742675781e-05,9.1552734375e-05,0.586801918746353,0.443585322515913,-0.00623421590222332,1,0.745314394166911,0.742334727135495,-0.771584665099072,0.575003418574563,0.000288520525932458,0.000147791408522587,1.17028176598042e-07,0.000507374829710351,0.000354928902961332,0.000307455247299804,0.000503378531491117,0.000361282786342177,24.762081860734,1
27,-2.35619449019234,15,0.00424051284790039,0.00422525405883789,0,0.00416851043701172,0.00428628921508789,0.00427961349487305,0.00425243377685547,0.0042567253112793,0.564021417039042,0.425189824138654,-0.0065424522907685,1,0.752185062506679,0.707697412294782,-0.81356919353173,0.553478521294358,0.000231985315115823,0.000119237320998006,1.13956739254528e-07,0.000410754574145896,0.000286435625495666,0.000256531693840152,0.000405630327680008,0.000293518571434701,23.1493361273103,1
28,-2.35619449019234,22.5,0.00472688674926758,0.00469207763671875,0,0.0046992301940918,0.00472831726074219,0.00472307205200195,0.00470066070556641,0.00469732284545898,0.740708130114728,-0.539791161956793,-0.00644210509769189,-1,0.778654361191013,-0.776775841839158,0.829288007100737,0.787335583003155,0.000414484002524326,0.000204857909960901,1.08786771789252e-07,0.000690690343070418,0.00046954473318021,0.00038969640381111,0.000638284013109464,0.000457446898305292,26.8788106358525,1
28,-2.35619449019234,22.5,0.00472784042358398,0.00468730926513672,0,0.00468635559082031,0.00472545623779297,0.00472068786621094,0.00469350814819336,0.00468921661376953,0.66176161185527,-0.571053686906387,-0.00731844172520197,1,-0.694028043936496,-0.789347885924155,-0.857453026466726,0.941003240964559,0.00030191436729792,0.000162197625661362,1.12734024237671e-07,0.000537250881596814,0.000363090268270361,0.000333187385874136,0.000500044124979923,0.000392466899955827,24.862878469073,1
28,-2.35619449019234,22.5,0.00253438949584961,0.00250053405761719,0,0.0024876594543457,0.00250387191772461,0.0025324821472168,0.00250959396362305,0.00250625610351562,0.616588657622888,-0.581071843746876,-0.00605178438426611,1,-0.636556472108573,-0.748705139039721,-0.783396002017786,0.895853491831687,0.000386370099803727,0.000236016089813942,1.12516883968023e-07,0.000780921436239421,0.000449973378730533,0.000471545717619851,0.00062883749591707,0.000551473704558318,27.9875733275813,1
28,-2.35619449019234,22.5,0.00481700897216797,0.00480747222900391,0,0.00482034683227539,0.00484657287597656,0.00484800338745117,0.00482034683227539,0.00481986999511719,0.617267034498726,-0.576951684787311,-0.0051563839658538,1,-0.627491632733303,-0.767506683861463,0.773771125457277,0.888021016760284,0.000487933909527187,0.000323662405349724,1.1180887969431e-07,0.001077459836013,0.000568824458047604,0.000649624344970077,0.000794412906591707,0.000763016665726165,32.1202342694795,1
29,-2.35619449019234,30,0.00460195541381836,0.0045924186706543,0,0.00462055206298828,0.0045771598815918,0.00456809997558594,0.00453758239746094,0.00453281402587891,0.774562964171437,0.597605513064913,-0.0150317072701145,-1,-0.677917463616454,-0.775069364808808,0.982411618754666,0.951427878703327,0.000239402851784892,0.000149550584740619,1.21220884575003e-07,0.000479137625289756,0.000304373550000328,0.000319316654905492,0.000457910337015613,0.000381331454700511,24.762081860734,1
29,-2.35619449019234,30,0.004669189453125,0.00462579727172852,0,0.00463581085205078,0.00460529327392578,0.00460243225097656,0.00455045700073242,0.00450944900512695,0.570508611922955,0.554868355404631,-0.00527945287940142,-1,-0.521958067119097,-0.705113106486876,0.750577294961194,0.943454601635056,0.000242630545572302,0.000250209297477245,1.13963044976854e-07,0.000791388659447381,0.000303933164461039,0.000545783251702769,0.00048277223960156,0.000631993020689651,26.9796072441915,1
29,-2.35619449019234,30,0.00465297698974609,0.00469732284545898,0,0.0046229362487793,0.00457143783569336,0.00458049774169922,0.00452947616577148,0.0045313835144043,0.624283193715864,0.544532911908272,-0.00727178745250901,-1,-0.544397552609613,-0.708645742509023,0.832108217965128,0.97700520446152,0.000187935887350968,0.000172576346947652,1.21435934556026e-07,0.000550590020568361,0.000237022107510962,0.000365758024615927,0.000375560227028657,0.000443700727942742,24.862878469073,1
29,-2.35619449019234,30,0.00477170944213867,0.00475692749023438,0,0.00477886199951172,0.00472831726074219,0.00474834442138672,0.00469732284545898,0.00466108322143555,0.619532956197128,0.611624802896857,-0.0048062950816293,0.850817165338513,-0.55579336872566,-0.781343151347662,0.798735653693272,1,0.000359444526643977,0.000362568679333382,1.16674070406209e-07,0.00115171570734414,0.000451270838816285,0.000794853421278331,0.000708598490232944,0.000912471072402817,31.4146580111066,1
30,-2.35619449019234,37.5,0.00450468063354492,0.00449800491333008,0,0.00454330444335938,0.00443410873413086,0.00443410873413086,0.00436210632324219,0.00436162948608398,0.294431982347758,0.257843533868195,-0.00381339855416549,0.44717315712057,0.314076071438462,0.340052829232591,0.920609762721041,1,0.000143051267944718,0.000141886982103577,1.17264321653459e-07,0.00042161260202265,0.000201645957013448,0.000317451123961322,0.000437028572619659,0.000503412382994033,28.1891665442593,1
30,-2.35619449019234,37.5,0.00453805923461914,0.00456666946411133,0,0.00461339950561523,0.0044550895690918,0.00445461273193359,0.00443887710571289,0.00443410873413086,0.317597153616432,-0.283549066196621,-0.00336825553534609,0.493576433152822,0.318275659970467,-0.352001513584443,0.909428876566639,1,0.000200796190431965,0.000213588831808192,1.19508024449469e-07,0.000633126801478002,0.000279898273653164,0.000481446724561238,0.000581059416729767,0.000710233593614858,31.7170478361235,1
30,-2.35619449019234,37.5,0.00450229644775391,0.00449705123901367,0,0.00461292266845703,0.00450372695922852,0.0044560432434082,0.00442743301391602,0.0044403076171875,0.300229234638076,-0.316764068548671,-0.00392115357627123,0.577106662077254,0.253023831069218,0.43494586132986,0.876103879315027,1,0.000150842187087227,0.000247423302596301,1.21493624659864e-07,0.00073079184458411,0.000204099583191951,0.000597364261761119,0.000461230315493065,0.000775606365098169,30.5074885360558,1
30,-2.35619449019234,37.5,0.00453472137451172,0.00455951690673828,0,0.00460910797119141,0.00446319580078125,0.0044550895690918,0.00443410873413086,0.00444316864013672,0.292571569958397,-0.338134199225209,-0.0034571878279072,0.611909386107647,-0.248612263014527,0.480344093693896,0.834513919981629,1,0.000147992209566268,0.000280738511410173,1.21663453066454e-07,0.000827478736641438,0.000198281105329238,0.000687971033760234,0.000441977473413361,0.000854075766548423,30.9106749694117,1
31,-1.5707963267949,7.5,5.7220458984375e-05,0.000123023986816406,7.62939453125e-05,0,0.000158309936523438,0.000203609466552734,0.000142574310302734,0.0001068115234375,-0.214059380039351,-0.335720374591859,-0.242616834787049,-1,0.281447793094077,0.557142693026873,-0.344801342042163,-0.530424802358793,0.000291378082581343,0.000420017277496187,0.000525256840962982,0.00148467854296484,0.000448299259836807,0.00121156121899965,0.000550245107955146,0.00103173755927825,25.9716411608017,1
31,-1.5707963267949,7.5,2.47955322265625e-05,4.43458557128906e-05,7.91549682617188e-05,0,0.000154495239257812,0.000204563140869141,0.000148773193359375,8.82148742675781e-05,-0.22893988276958,-0.347356277730475,0.277668895352641,-1,0.309450257211511,0.564853820336937,-0.370867605558832,-0.536043076398823,0.000250080869208138,0.000346946791816326,0.000451703346371202,0.00121749970360986,0.000387346683468174,0.000963706099479698,0.000483095683947333,0.000851710426177916,23.8549123856832,1
31,-1.5707963267949,7.5,2.95639038085938e-05,4.72068786621094e-05,4.38690185546875e-05,0,0.000153541564941406,0.000199317932128906,0.00014495849609375,9.20295715332031e-05,-0.23255123573602,-0.353297864790519,0.272951748631708,-1,0.306192931327862,0.575896633945534,-0.372419031735364,-0.554114490618301,0.000419603452885859,0.000588821687327253,0.000752830134453696,0.00206050396963162,0.000644111846829847,0.00164482461984034,0.00080453396712543,0.00145140510166026,30.2050987110389,1
31,-1.5707963267949,7.5,2.62260437011719e-05,4.43458557128906e-05,3.29017639160156e-05,0,0.000155448913574219,0.00020599365234375,0.000143051147460938,8.82148742675781e-05,-0.203627880111676,-0.304587051361999,-0.243564787908986,-1,0.270000614479265,0.546623394050657,-0.341715681526653,-0.550166342518267,0.00029629244317676,0.000411301758598359,0.000522417816729458,0.00145184015411295,0.000446233909300266,0.00118326405932977,0.000546316980434154,0.0010119734781582,24.560488644056,1
32,-1.5707963267949,15,5.340576171875e-05,0.000141143798828125,0.000102519989013672,0,9.10758972167969e-05,0.000139713287353516,0.000105857849121094,5.53131103515625e-05,0.395074910489765,-0.604656341499102,-0.519080114121753,-1,0.577252819036932,0.962250033108906,-0.638561400871948,-0.825654537251375,0.000288044988573142,0.000364712307830097,0.00053834064114644,0.00102182968976523,0.000455422190218131,0.00103645049318094,0.000548515261060388,0.000869219503521475,19.4198616187681,1
32,-1.5707963267949,15,4.52995300292969e-05,9.10758972167969e-05,5.24520874023438e-05,0,0.000105381011962891,0.000136375427246094,8.44001770019531e-05,3.76701354980469e-05,0.369065570080644,-0.623671695357101,-0.50257311650636,-1,0.563977111461038,0.940923133372629,-0.596979106428213,-0.777815969667395,0.000294469621511779,0.000374918137976872,0.000543476627769344,0.00106565564460915,0.00045371227500654,0.00109758464337159,0.000542390121042729,0.000892263630860669,19.0166751854122,1
32,-1.5707963267949,15,4.29153442382812e-05,2.95639038085938e-05,3.38554382324219e-05,0,0.000100612640380859,0.000133991241455078,9.67979431152344e-05,4.05311584472656e-05,0.368154866272662,-0.616182268666253,-0.499514538798547,-1,0.557112177104029,0.953926731814899,-0.604590049601976,-0.800499385109097,0.000398696577180721,0.000503101530329942,0.000740330829858727,0.00142805654385454,0.000620595344162557,0.00146896618967435,0.000742585022619504,0.00119892686807261,22.0405734355815,1
32,-1.5707963267949,15,5.76972961425781e-05,0.000100612640380859,5.67436218261719e-05,0,0.000112056732177734,0.000144481658935547,0.000102043151855469,4.38690185546875e-05,0.373010859314123,-0.607529166321845,0.509750207332463,-1,0.572447115638634,0.971183302900103,-0.650318358360092,-0.807102390556942,0.000408425918313319,0.000503775942392024,0.000767600573818938,0.00141480385173437,0.000647207859138495,0.00146044655569291,0.000772435052187759,0.00119990062321031,22.9477429106324,1
33,-1.5707963267949,22.5,6.43730163574219e-05,0.000100612640380859,5.05447387695312e-05,5.24520874023438e-06,5.10215759277344e-05,9.48905944824219e-05,3.24249267578125e-05,0,0.495690280830572,-0.542142061752931,0.627908625286608,0.991470144013077,0.554990519916457,-1,-0.559635623925112,0.783172637986938,0.000471688421299671,0.000584276188557031,0.000890219915667403,0.00160511554975107,0.000747651031189967,0.00168652553763283,0.000889125033188687,0.00138668044088729,23.3509293439883,1
33,-1.5707963267949,22.5,7.10487365722656e-05,0.000102519989013672,3.4332275390625e-05,8.10623168945312e-06,4.38690185546875e-05,0.000100612640380859,5.86509704589844e-05,0,0.462716259650569,-0.548531453946665,0.632504074736246,1,0.541817960670319,-0.93642618142547,-0.573867004770204,0.79530288437182,0.00031172297346849,0.0003727894926683,0.000588364301835467,0.00102152096669179,0.000491950812074847,0.0010965586031938,0.000580273116042306,0.000880160281566087,18.4118955353783,1
33,-1.5707963267949,22.5,5.43594360351562e-05,9.48905944824219e-05,3.14712524414062e-05,0,4.67300415039062e-05,7.96318054199219e-05,2.52723693847656e-05,3.814697265625e-06,0.486233239104543,-0.548303026017837,0.632756782772005,0.993997272022737,0.548493315975139,-1,-0.552382011615931,0.778840397707348,0.000515000773545066,0.000636014769771025,0.000974505307149775,0.00175052464776694,0.000816320129928675,0.00186283674494455,0.000967354296109223,0.00150924936310813,24.459692035717,1
33,-1.5707963267949,22.5,4.52995300292969e-05,9.20295715332031e-05,3.38554382324219e-05,0,3.33786010742188e-05,7.82012939453125e-05,4.29153442382812e-05,4.76837158203125e-06,0.473914400709965,-0.56582503720964,0.640865185550928,-0.831367321913258,0.55026229519482,-1,-0.564411316501728,-0.776441244080227,0.000484632338705502,0.000590620436600402,0.000912596552686095,0.00161956125346241,0.000761109625445572,0.00172642014127354,0.000901307231137623,0.00138624486804261,23.0485395189713,1
34,-1.5707963267949,30,0.000105381011962891,0.000147819519042969,0.000113010406494141,5.10215759277344e-05,5.38825988769531e-05,7.67707824707031e-05,4.48226928710938e-05,0,0.445557442856162,0.596256362243743,0.579247436032285,0.968255786284493,0.504542339259334,-1,0.615861426190797,-0.952522180969615,0.000279453418407913,0.000347302201096368,0.000518228580150059,0.000950131865509545,0.000438172807991037,0.00105967988890016,0.000516606931829864,0.000871395690973003,19.823048052124,1
34,-1.5707963267949,30,0.000100612640380859,0.0001373291015625,9.72747802734375e-05,3.67164611816406e-05,4.52995300292969e-05,2.09808349609375e-05,7.62939453125e-06,0,0.430021131938983,0.597437996780102,0.544741136458314,-0.779974864177519,0.481855477294986,-1,0.600009266301373,-0.917854080411524,0.000512315480587328,0.000655172524011653,0.00093750961449563,0.00181295471898734,0.000792842085127999,0.00199996793954002,0.000938555632489715,0.00164234560271914,26.6772174191746,1
34,-1.5707963267949,30,0.000107288360595703,0.000138282775878906,0.000103950500488281,4.67300415039062e-05,4.29153442382812e-05,2.33650207519531e-05,1.04904174804688e-05,0,0.425352400551616,0.581079856648086,0.532696289098517,-0.772806172214374,-0.469842791345454,-1,0.611730508210009,-0.895069218978675,0.000434455424713789,0.000556525906585331,0.000798007332167871,0.00153869916532111,0.000675492855169323,0.00168255434353099,0.000803293723486715,0.00138757147968818,23.7541157773442,1
34,-1.5707963267949,30,9.87052917480469e-05,0.000142574310302734,8.91685485839844e-05,4.62532043457031e-05,4.33921813964844e-05,0.000133037567138672,2.90870666503906e-05,0,0.436143122704036,0.597332468588295,0.561966520432058,-0.814006487655535,0.489867142951144,-1,0.606409717885072,-0.939215507158507,0.000355001693986531,0.000445670452594934,0.000654272740921606,0.00122514649015516,0.000553543972478979,0.00135969550851615,0.000654188528369194,0.00111891139363453,22.2421666522595,1
35,-1.5707963267949,37.5,0.000189781188964844,0.000240325927734375,0.000185489654541016,0.000148773193359375,0.000128269195556641,9.01222229003906e-05,0.000102519989013672,0,0.259185631986937,0.369595302295371,-0.308349956111111,-0.58218985029462,-0.30887600168435,-0.62033930955625,0.400050613946557,-1,0.000219302023632466,0.000300768998852899,0.000394598164666048,0.000816422697429297,0.000344979102480286,0.000882928457284019,0.000425264913376299,0.000974304950451793,24.1573022107001,1
35,-1.5707963267949,37.5,0.000198841094970703,0.000233650207519531,0.000161647796630859,0.000118732452392578,9.44137573242188e-05,9.25064086914062e-05,0.000132083892822266,0,0.219638004627535,0.385937628598421,-0.338136402069954,-0.548022462006202,-0.291120571683327,-0.62045592702082,0.420199792812741,-1,0.000315264045994861,0.000428287547254857,0.000567769671331476,0.00116915637138831,0.000495768721412533,0.00124275225075912,0.000622898742545443,0.00136531864928372,28.9955394109711,1
35,-1.5707963267949,37.5,0.000266551971435547,0.000382423400878906,0.000227451324462891,0.000179767608642578,0.000131130218505859,0.000144004821777344,0.000144004821777344,0,0.192781166580412,0.312801141088073,-0.265593138157394,-0.464290294482553,-0.260471010050292,-0.556196228808764,0.349742778789987,-1,0.000205027727109482,0.000273515653426541,0.000379256213078837,0.000736554788985963,0.000328106329910807,0.000807512998754998,0.000403395677058954,0.000938627624019961,25.5684547274458,1
35,-1.5707963267949,37.5,0.000185012817382812,0.000248432159423828,0.0001678466796875,0.000147819519042969,9.39369201660156e-05,9.25064086914062e-05,0.000109672546386719,0,0.2295833827769,0.420601835219443,-0.321261873367953,-0.592346998923977,-0.302305606700739,-0.61006963139809,0.412275359578192,-1,0.000528214470498077,0.000750063490939034,0.00092093495446864,0.00207154612268757,0.00081713055397491,0.00219729876841362,0.00102913616626633,0.00237896495256975,36.2528952113776,1
36,-0.785398163397448,7.5,0,2.52723693847656e-05,3.00407409667969e-05,4.76837158203125e-06,0.000177860260009766,0.000109672546386719,0.000144481658935547,0.000174045562744141,0.740735839755648,0.23893398592664,0.384966885074376,1,0.369452315382587,-0.427477286366013,-0.279364937532541,0.394675708746503,0.000305088022129633,0.0001524266634731,0.000390620968731979,0.000656737133869861,0.000261664153745279,0.000607321379209707,0.000213155140003281,0.000374254903735119,28.5923529776152,1
36,-0.785398163397448,7.5,0,2.09808349609375e-05,2.86102294921875e-05,4.29153442382812e-06,0.000175952911376953,0.000141143798828125,0.000144004821777344,0.000164985656738281,0.721469571742466,0.241195296404054,0.326434635704169,1,0.345362280342869,-0.479388320216566,-0.279307788652988,0.375669394299421,0.000329972485121398,0.000196429611451493,0.000421767116013012,0.000800794891148333,0.000287413916657907,0.000768731005386218,0.000233783662096267,0.000485860552362381,29.398725844327,1
36,-0.785398163397448,7.5,0,2.47955322265625e-05,3.57627868652344e-05,4.76837158203125e-06,0.000184535980224609,0.000141143798828125,0.000142574310302734,7.82012939453125e-05,0.764417832857147,-0.207187535971246,0.457761913874291,1,0.383099363147462,-0.436362589944711,0.323047338561249,0.38586187351113,0.00034118341920603,0.000139066213580171,0.000465706261122364,0.000601736267020929,0.00031926917366539,0.000553431720281191,0.000266055914554662,0.000335370489610172,27.8867767192423,1
36,-0.785398163397448,7.5,0,2.71797180175781e-05,2.47955322265625e-05,2.86102294921875e-06,0.000182151794433594,0.000119209289550781,0.000122547149658203,8.53538513183594e-05,0.724165325268801,-0.186708605335875,0.478616060876338,1,0.371913586607291,-0.348539768018354,0.333062527731316,0.270031583266808,0.000830932394512351,0.000220817822887456,0.00117646244733228,0.0011375679988269,0.000858161274918135,0.000885247245469682,0.000774722688906888,0.000524444950837525,39.7807765032419,1
37,-0.785398163397448,15,1.9073486328125e-06,4.62532043457031e-05,4.52995300292969e-05,0,6.24656677246094e-05,9.67979431152344e-05,0.000102519989013672,4.29153442382812e-06,0.794016418324643,-0.390171324697082,1,0.577715344572982,0.642390945954475,0.81224447245551,0.796021706245481,0.550857248910823,0.000423329492134213,0.000134081075402659,0.000776349089852043,0.000428603083153497,0.000486401649874379,0.000476483482430958,0.000424556063301309,0.000288701273403966,24.560488644056,1
37,-0.785398163397448,15,0,1.95503234863281e-05,0.000104427337646484,1.43051147460938e-06,0.000126361846923828,0.000116348266601562,0.000116348266601562,5.05447387695312e-05,0.776333010508426,-0.399182158586612,1,0.667491241416821,0.745824554063894,0.785779295571738,0.778406031986558,0.676376529246875,0.00084868389980865,0.000296593232613554,0.00151127493357725,0.000975100584135844,0.000995502923567089,0.00104647177772877,0.000894976198799513,0.000631229049472118,32.5234207028354,1
37,-0.785398163397448,15,0,0.000108242034912109,0.0001068115234375,5.24520874023438e-06,0.000132560729980469,0.000161647796630859,0.000174999237060547,6.4849853515625e-05,0.828936932388192,-0.371777624755878,1,0.619212280359337,0.617479645775869,0.812415385570338,0.779160635381675,0.54740361748091,0.000447105868755549,0.000143759414814386,0.000825046052270532,0.000461102890933968,0.00050893777506638,0.00052537250651784,0.000435920434826366,0.00031648200262861,26.3748275941577,1
37,-0.785398163397448,15,0,0.000109672546386719,0.000109195709228516,5.14984130859375e-05,0.000131607055664062,0.000167369842529297,0.000171661376953125,6.24656677246094e-05,0.823042990585162,-0.370205434924102,1,0.586686910341531,0.62440008280635,0.780101347054831,0.78587931514107,0.528894521527316,0.000538365054950115,0.000163514072730477,0.000989273542149248,0.000522793397598142,0.000616610984326766,0.000591885547700346,0.000535153478035656,0.000357353724453592,28.1891665442593,1
38,-0.785398163397448,22.5,2.19345092773438e-05,4.76837158203125e-06,3.71932983398438e-05,0,5.7220458984375e-06,3.95774841308594e-05,4.00543212890625e-05,7.62939453125e-06,0.826788075679837,0.516677977708638,-0.982554041505619,1,0.846988516869074,0.993709864287314,-0.693280014544398,0.892847155754194,0.000406151715035197,0.00020952959978228,0.0008004846702233,0.000678390012782816,0.00042932088553766,0.000784331641806078,0.000340103908112419,0.000463724135937577,28.7939461942931,1
38,-0.785398163397448,22.5,1.04904174804688e-05,4.67300415039062e-05,3.91006469726562e-05,0,1.9073486328125e-06,3.814697265625e-05,3.91006469726562e-05,2.86102294921875e-06,0.816193159422061,0.53489156593989,0.995270628195737,0.999076446369891,0.829804057210848,1,-0.725192484929314,0.871123920904684,0.00045347579607174,0.000213664586474091,0.000895841881147034,0.000693812704082371,0.000480318380729562,0.000810776151657546,0.000380630341212277,0.000477280615530531,30.2050987110389,1
38,-0.785398163397448,22.5,1.43051147460938e-06,2.38418579101562e-06,3.62396240234375e-05,0,4.76837158203125e-07,3.67164611816406e-05,3.86238098144531e-05,2.38418579101562e-06,0.813584924097312,0.523857302283425,-0.985258397741854,1,0.81720175432436,0.99742453905017,-0.704951960757951,0.866373503609363,0.000413145557905162,0.000198799025890997,0.000816254972837373,0.000646258958673539,0.000436049020708526,0.00075000974600977,0.00034488069034716,0.000441824533582009,28.8947428026321,1
38,-0.785398163397448,22.5,3.19480895996094e-05,1.43051147460938e-06,6.19888305664062e-06,0,2.86102294921875e-06,3.814697265625e-05,3.95774841308594e-05,4.76837158203125e-06,0.831872331733263,0.527580651741396,-0.994616848121872,0.99871925545516,0.842152201983646,1,-0.708153696979769,0.890639336885625,0.000419741107569301,0.000204459789067616,0.000827167115089652,0.00066384669546918,0.000442870578378258,0.000769676325383339,0.000351271220220505,0.000452723858573048,29.0963360193101,1
39,-0.785398163397448,30,0.000112533569335938,8.72611999511719e-05,0.000133991241455078,0.00012969970703125,9.5367431640625e-07,5.24520874023438e-05,0,7.15255737304688e-06,0.570451829967771,0.546066600737578,0.894440536070137,0.823974595768109,0.680029397946008,1,-0.549392257916339,0.839282492808776,0.000306551695834431,0.0002378647410846,0.000586445101418923,0.000759595759233879,0.000356138355205103,0.000942951866136784,0.00027550109259233,0.000601436035813255,27.2819970692085,1
39,-0.785398163397448,30,0.000153064727783203,0.000113964080810547,0.000157833099365234,0.000153541564941406,0,8.91685485839844e-05,3.14712524414062e-05,3.814697265625e-05,0.631708128509924,0.557729791209169,1,0.858303166219888,0.809828637311368,0.949050663427948,-0.607147530732296,0.783088057120633,0.000363780080874741,0.000204325992586403,0.000696966315963716,0.000650902565842091,0.000430373773837179,0.000830621695576582,0.000334045516741796,0.000512289293248657,28.3907597609372,1
39,-0.785398163397448,30,0.000148296356201172,0.000103950500488281,0.000153064727783203,0.000148296356201172,0,8.34465026855469e-05,2.95639038085938e-05,3.95774841308594e-05,0.639693492951811,0.530841446172045,1,0.833471674821147,0.827816403206437,0.896660152120061,-0.608338121863233,0.740597355527757,0.000427340976576789,0.000214936535384939,0.000815102330242598,0.000685465881935946,0.000505785280204593,0.000875024815826206,0.000396215481111428,0.000535807320354014,29.8019122776829,1
39,-0.785398163397448,30,0.000164985656738281,0.000169277191162109,0.000161170959472656,0.000150203704833984,0,9.01222229003906e-05,8.10623168945312e-05,3.814697265625e-05,0.646543298046552,0.532753479035913,1,0.855860129961205,0.818625010170507,0.980087292096164,-0.620447324862023,0.829457345161165,0.000293854755501002,0.000178351873453692,0.000571122192269762,0.000570351081030038,0.000345942973485971,0.000727290701235226,0.000265096197313214,0.000449174540867015,26.5764208108356,1
40,-0.785398163397448,37.5,0.000174045562744141,0.000135898590087891,0.000133514404296875,0.0001678466796875,0,2.14576721191406e-05,2.6702880859375e-05,5.24520874023438e-06,0.314894886318895,0.250836173486794,0.401115019988181,0.460295593611296,0.908083508002051,0.527421873296533,0.284076791465925,1,0.000266195204740692,0.000186289816517171,0.000470209190848672,0.000542962645506184,0.00049924560927175,0.000753387633801847,0.000282871850977536,0.000689136398123276,31.8178444444625,1
40,-0.785398163397448,37.5,0.000174045562744141,0.000142574310302734,0.000134468078613281,0.000161647796630859,0,2.52723693847656e-05,2.90870666503906e-05,1.9073486328125e-06,0.331124683300455,0.258026160268844,0.405009306721947,0.445486333665534,0.930322191180492,0.493068237861527,0.272987180100023,1,0.000350099036927777,0.000212613400566001,0.000617879623336349,0.000617855426126842,0.000658172116223735,0.000868357415310637,0.000377272355628542,0.000810657100888245,35.4465223446658,1
40,-0.785398163397448,37.5,0.000168323516845703,0.000139236450195312,0.0001373291015625,0.000165939331054688,0,1.62124633789062e-05,2.52723693847656e-05,9.5367431640625e-07,0.313846158445796,0.251185972421192,0.401253122817881,0.429678554546939,0.929527626856546,0.500868504470822,0.265751115474241,1,0.000257692948889888,0.000152204086613907,0.000460535124880702,0.000442434700237862,0.000489474706305637,0.000628459613374059,0.000276834072308861,0.000590175189374828,31.3138614027676,1
40,-0.785398163397448,37.5,0.000170230865478516,6.62803649902344e-05,0.000137805938720703,0.000100135803222656,9.5367431640625e-07,2.52723693847656e-05,3.4332275390625e-05,0,0.317555101152756,0.261920791322749,0.419995114744715,0.44704404333399,0.926404181717658,0.469694914618718,0.265184387387959,1,0.000415824736966565,0.000232558737978594,0.000738545060245127,0.000682613976483597,0.000761413041404213,0.000967131045000284,0.000449517422696108,0.000885393274250955,37.5632511197843,1
