Loc,theta,z,ToA_S1,ToA_S2,ToA_S3,ToA_S4,ToA_S5,ToA_S6,ToA_S7,ToA_S8,Amplitude_S1,Amplitude_S2,Amplitude_S3,Amplitude_S4,Amplitude_S5,Amplitude_S6,Amplitude_S7,Amplitude_S8,SignalEnergy_S1,SignalEnergy_S2,SignalEnergy_S3,SignalEnergy_S4,SignalEnergy_S5,SignalEnergy_S6,SignalEnergy_S7,SignalEnergy_S8,Force_N,Impact_Type
1,0,7.5,0,1.1444091796875e-05,4.05311584472656e-05,1.9073486328125e-05,0.000159740447998047,0.000156879425048828,0.000198841094970703,0.000154495239257812,-1,0.1630118791412,-0.170140020146756,0.0960281847602536,-0.161667014556876,0.201748066134464,-0.18858333501011,0.194641913515291,0.000103323283652413,2.60182586044285e-06,9.22139926729272e-06,2.87676624854213e-06,3.77273984533667e-06,5.10465078796087e-06,4.19147744846742e-06,4.11874745844814e-06,13.9768447684632,0
1,0,7.5,0,9.5367431640625e-06,4.38690185546875e-05,1.04904174804688e-05,8.58306884765625e-05,0.000132560729980469,0.0001983642578125,0.000133991241455078,-1,0.197284712684588,-0.191126050097676,0.102448752630508,-0.172952517477404,0.240427952513553,-0.219659842901002,0.224390349911526,0.000101676115120602,3.99410443509095e-06,1.12504292739785e-05,3.78116570881474e-06,5.20468598892639e-06,7.17689394708492e-06,5.60884296037474e-06,5.70364985691383e-06,16.0935735435818,0
1,0,7.5,0,0.000119209289550781,6.72340393066406e-05,9.72747802734375e-05,0.000128269195556641,0.000195026397705078,0.000224113464355469,0.000178813934326172,-1,0.160379844854417,-0.157883510361606,0.0822713405705095,-0.145150315714596,0.192859071078728,-0.184865723901108,0.186008627993065,0.000107776474963547,2.93634511723364e-06,9.45207001904579e-06,2.96948234920885e-06,3.96971409605997e-06,5.50227389892288e-06,4.39571822402191e-06,4.41587657682409e-06,14.783217635175,0
1,0,7.5,0,1.57356262207031e-05,3.24249267578125e-05,2.81333923339844e-05,0.000101566314697266,0.000151634216308594,0.000158309936523438,0.000141620635986328,-1,0.153776398045754,-0.168320723827915,0.0869409244524095,-0.130955899792197,0.196364529574181,-0.17478969223105,0.186003036433284,0.000154261379361026,3.95413012376073e-06,1.24773115269172e-05,3.45494860943753e-06,5.17483684577352e-06,7.46431881114474e-06,5.65505441464133e-06,5.93369185853792e-06,17.9079124936834,0
2,0,15,0,5.38825988769531e-05,5.67436218261719e-05,3.19480895996094e-05,3.76701354980469e-05,0.000114917755126953,0.000141620635986328,0.000109672546386719,-1,0.40113016223776,-0.399995110896837,0.482026401387292,-0.449673294411561,0.568239770323696,-0.501020003805005,0.509857398176572,3.87570777283448e-05,6.07275757080458e-06,1.42476858984204e-05,1.15956139153519e-05,1.20992373873181e-05,1.58892180049852e-05,1.11071181676538e-05,1.23168826069902e-05,15.9927769352428,0
2,0,15,0,4.33921813964844e-05,6.103515625e-05,3.57627868652344e-05,3.62396240234375e-05,9.96589660644531e-05,0.000134468078613281,9.918212890625e-05,-1,0.356150189087213,-0.371215020796985,0.463249300582848,-0.4504952539516,0.551799833192107,-0.467283526459422,0.487729904781587,5.29805539114201e-05,7.32568473165664e-06,1.74050185243577e-05,1.52034972073973e-05,1.55399266433391e-05,1.97922972677885e-05,1.3133621204005e-05,1.53848456461616e-05,18.8150819687342,0
2,0,15,0,5.24520874023438e-06,1.81198120117188e-05,1.9073486328125e-06,3.91006469726562e-05,9.67979431152344e-05,0.000143527984619141,0.000107288360595703,-1,0.352477037664313,-0.367032463602579,0.435556940422348,-0.427985687945884,0.519822273977332,-0.454423982301879,0.465673202033756,5.54038433642277e-05,7.22085368437766e-06,1.69007832871139e-05,1.36794520590602e-05,1.47275443345535e-05,1.86433142802379e-05,1.27367059894067e-05,1.4398972662275e-05,18.7142853603952,0
2,0,15,0,4.76837158203125e-05,2.52723693847656e-05,1.09672546386719e-05,3.76701354980469e-05,0.000104427337646484,0.000137805938720703,0.000103950500488281,-1,0.362068915800873,-0.354042524982711,0.41313248814832,-0.425217632852759,0.512236385975018,-0.440810263628207,0.464799464782052,6.09528354704646e-05,9.23576893704309e-06,2.00488109129566e-05,1.59566403234069e-05,1.75008416036433e-05,2.30067763226073e-05,1.54114006886284e-05,1.75433140392243e-05,19.823048052124,0
3,0,22.5,0,6.05583190917969e-05,8.86917114257812e-05,4.76837158203125e-05,7.15255737304688e-06,5.19752502441406e-05,6.4849853515625e-05,4.00543212890625e-05,-0.833058544952604,0.555656867577081,-0.687742470613027,0.839074008644248,-0.926781691142846,1,-0.71132004856424,0.887136232462274,1.7020730199529e-05,7.35738578905999e-06,1.58403293824586e-05,1.8764035666448e-05,2.39997470408381e-05,2.57975732312272e-05,1.40057265432561e-05,1.91823971437746e-05,16.6983531936156,0
3,0,22.5,0,3.86238098144531e-05,7.96318054199219e-05,2.90870666503906e-05,2.38418579101562e-06,3.0517578125e-05,7.29560852050781e-05,2.86102294921875e-05,-0.91964132248863,0.520005142434031,-0.63226366193973,0.809932434260728,-1,0.970580096437404,-0.65533071872517,0.843145830113313,2.64258067163658e-05,1.0066073502623e-05,2.06479977099779e-05,2.52332728589014e-05,3.58193222971133e-05,3.63533792661574e-05,1.74090549928717e-05,2.60636314148317e-05,21.0326073521918,0
3,0,22.5,0,3.67164611816406e-05,9.58442687988281e-05,4.10079956054688e-05,1.9073486328125e-06,5.10215759277344e-05,5.67436218261719e-05,3.91006469726562e-05,-0.995173031969258,0.588322182391291,-0.711842441388923,0.820396837377187,-0.995121855046617,1,-0.722217565742091,0.880557899114964,2.7821995327708e-05,1.11741326233728e-05,2.29854772303037e-05,2.54047866271831e-05,3.33593257529592e-05,3.74104593801511e-05,1.9635646202787e-05,2.59724065392463e-05,20.1254378771409,0
3,0,22.5,0,4.9591064453125e-05,9.29832458496094e-05,6.103515625e-05,2.38418579101562e-06,6.24656677246094e-05,8.7738037109375e-05,5.48362731933594e-05,-0.951902132663626,0.555859276501379,-0.703877746887954,0.824647279266439,-0.987152854442764,1,-0.699734647135236,0.880605165116224,2.25881374790451e-05,9.50681551722935e-06,1.99581302156457e-05,2.30604497105127e-05,3.06584632307752e-05,3.31629641644853e-05,1.71305492210493e-05,2.37486682732868e-05,18.8150819687342,0
4,0,30,9.05990600585938e-05,0.000116825103759766,0.000129222869873047,9.48905944824219e-05,0,4.10079956054688e-05,0.000139713287353516,3.4332275390625e-05,-0.35634694603859,0.308541249368144,-0.471861518151831,0.493048476393791,-1,0.72652687657734,-0.3691039378781,0.500585719672494,1.11760761642222e-05,6.60758411889532e-06,1.55554994516184e-05,1.64222207038098e-05,6.35935981071085e-05,3.34833152044792e-05,1.36850751935776e-05,1.7207185560429e-05,19.1174717937512,0
4,0,30,4.43458557128906e-05,9.63211059570312e-05,0.000135898590087891,9.1552734375e-05,0,3.86238098144531e-05,0.000125408172607422,4.00543212890625e-05,-0.38097239261278,0.31077427716881,-0.478147657067486,0.481948653516806,-1,0.707596668999499,-0.375198110672505,0.508351896611946,1.13224809542824e-05,6.84312835695432e-06,1.61207674019974e-05,1.71629272482187e-05,5.61419868568789e-05,3.24293205328198e-05,1.42626008345935e-05,1.83374767354601e-05,18.3110989270393,0
4,0,30,4.52995300292969e-05,0.000111579895019531,0.000144004821777344,0.00011444091796875,0,1.43051147460938e-05,0.000112056732177734,2.24113464355469e-05,-0.353707681123531,0.280331740691416,-0.396680359901001,0.467118790035484,-1,0.609511520164971,-0.323607530852024,0.504826459951659,1.08459002691518e-05,6.31252325056819e-06,1.4355858415604e-05,1.7165599221594e-05,6.83303468258176e-05,2.91349517587551e-05,1.28524427941731e-05,2.04723593525301e-05,19.621454835446,0
4,0,30,6.19888305664062e-05,0.000116348266601562,0.000148773193359375,0.000104904174804688,0,3.29017639160156e-05,7.00950622558594e-05,2.71797180175781e-05,-0.372312640236123,0.262332089901736,-0.368226359148998,0.434665732222495,-1,0.581832127078944,-0.306800926908443,0.455495019557995,2.11997833584121e-05,1.18304348333633e-05,2.81405269328339e-05,3.14163877655601e-05,0.000122959558125842,5.52847407567797e-05,2.49772886085591e-05,3.60751022010697e-05,25.1652682940899,0
5,0,37.5,0.000157833099365234,0.000235080718994141,0.00022125244140625,0.000158309936523438,0,3.814697265625e-05,0.000123023986816406,5.62667846679688e-05,-0.127750050878724,0.127372226202426,-0.201264640095648,0.195172548857538,-1,0.239090255037572,-0.186052712311824,0.130009418978989,3.40272378949778e-06,2.36184796525126e-06,6.13920680208792e-06,6.10498384998192e-06,0.000131229830201887,9.50262731547643e-06,6.49385769273609e-06,4.45437781756925e-06,16.4967599769377,0
5,0,37.5,0.000234127044677734,0.000203609466552734,0.000278472900390625,0.000201225280761719,0,8.29696655273438e-05,0.000102043151855469,6.05583190917969e-05,-0.126836798255312,0.122627174312415,-0.203750618297615,0.190694098150651,-1,0.197434273619954,-0.18000401371752,0.162338757067681,4.01098249822235e-06,2.56012175669891e-06,7.10209129131229e-06,6.85699574892596e-06,0.000167142006442808,8.24473163112803e-06,7.51703823530805e-06,5.63060531680934e-06,17.9079124936834,0
5,0,37.5,0.000150680541992188,0.000132083892822266,0.000195980072021484,0.000132560729980469,0,5.24520874023438e-06,6.62803649902344e-05,2.14576721191406e-05,-0.12379084458475,0.11940514212519,-0.186916000087505,0.176807019304422,-1,0.199044985303419,-0.168537127780338,0.137431515525425,4.19272001277258e-06,2.81345291393951e-06,7.43452403206766e-06,7.26355207878848e-06,0.000181985308521284,9.79031789113394e-06,7.88543718228907e-06,5.46596977171218e-06,18.7142853603952,0
5,0,37.5,0.000118732452392578,0.000145912170410156,0.000214576721191406,0.000158786773681641,0,3.19480895996094e-05,0.000105857849121094,2.33650207519531e-05,-0.125248010135963,0.117361969187274,-0.196113438847398,0.187377837525566,-1,0.209906973806795,-0.173721515269512,0.136334595858234,4.6321509644146e-06,2.88585239606059e-06,8.07418439909144e-06,7.63777194964509e-06,0.000196407060550321,1.05998190912454e-05,8.47077898608876e-06,5.64968359932496e-06,19.3190650104291,0
6,0.785398163397448,7.5,2.38418579101562e-06,1.66893005371094e-05,6.67572021484375e-06,0,0.000168323516845703,7.10487365722656e-05,0.000125408172607422,0.000102996826171875,1,0.59049392868489,-0.223797185570494,-0.214112040028902,0.127415196101421,-0.151790718934702,0.128639744004006,-0.12572247847078,5.68546525997773e-05,1.82491407038371e-05,2.39223233530456e-06,2.42527488273696e-06,1.03983964025606e-06,8.36678786348846e-07,1.26139585905698e-06,9.37540789838894e-07,16.0935735435818,0
6,0.785398163397448,7.5,0,1.81198120117188e-05,4.9591064453125e-05,1.76429748535156e-05,0.000171184539794922,0.000171661376953125,0.000150680541992188,0.000208854675292969,1,0.62771274239734,-0.211136532086682,-0.217361780282683,0.104765343056393,-0.121919398961155,0.104961814454436,-0.111515798526566,5.20608793497235e-05,1.93200432564766e-05,1.96479222999721e-06,2.07258267110578e-06,6.8344894133092e-07,6.02165683084937e-07,8.94711357079708e-07,7.44733824148327e-07,15.186404068531,0
6,0.785398163397448,7.5,8.58306884765625e-06,0,5.38825988769531e-05,1.81198120117188e-05,0.000164031982421875,0.000160694122314453,0.000150680541992188,0.000135421752929688,1,0.709801666957946,-0.224571620203012,-0.260589198157936,0.094810253075703,0.114090316666395,-0.137099377167387,-0.115951098272741,4.15668550414716e-05,2.15826516312569e-05,2.03561244706198e-06,2.32414918998092e-06,5.30431592897365e-07,7.53623684420223e-07,8.15105687554896e-07,9.51491632531843e-07,15.3879972852089,0
6,0.785398163397448,7.5,2.38418579101562e-06,0,1.66893005371094e-05,1.66893005371094e-05,8.392333984375e-05,0.000173091888427734,0.000107288360595703,0.000109672546386719,1,0.670753714590644,-0.16691157995464,-0.206191063742627,-0.076301554967852,0.089104304878659,-0.106362749894289,-0.0954452793972425,0.000112548683282467,4.92624881634783e-05,3.36202037437745e-06,4.02511582725519e-06,9.83152416185735e-07,1.45700198520719e-06,1.47049374001402e-06,1.64437697361053e-06,20.6294209188358,0
7,0.785398163397448,15,1.52587890625e-05,4.14848327636719e-05,0,7.29560852050781e-05,0.000113010406494141,0.000115871429443359,0.0001373291015625,9.918212890625e-05,0.890470962575671,1,-0.58874011266445,-0.734624929271381,-0.22768423838133,0.371253107120434,-0.33891717459527,-0.305967550570103,5.50004299979223e-06,8.69791534415523e-06,2.93460304493964e-06,3.6173164109174e-06,7.3158736083756e-07,1.28840952113178e-06,1.36287492905266e-06,1.64960142874698e-06,16.1943701519208,0
7,0.785398163397448,15,3.814697265625e-05,0,6.15119934082031e-05,2.81333923339844e-05,4.91142272949219e-05,0.000132083892822266,0.000162124633789062,0.000170707702636719,0.936823414506584,1,-0.600845314840369,-0.705780885619307,-0.207784850667625,0.318021465591851,-0.325144153549351,-0.269850959282771,8.93057126679531e-06,1.21997031606134e-05,4.11390420330739e-06,5.13877091166929e-06,1.07818466185068e-06,1.79144196619198e-06,1.97740631247262e-06,2.27240239174695e-06,19.3190650104291,0
7,0.785398163397448,15,8.58306884765625e-06,2.00271606445312e-05,0,6.53266906738281e-05,9.82284545898438e-05,9.77516174316406e-05,0.000124931335449219,9.01222229003906e-05,1,0.909973824210879,-0.594015025639132,-0.702813076102414,0.270764684101152,-0.293812511043646,-0.296263384996978,-0.293209563325897,8.94501823740203e-06,8.41403455062429e-06,3.60690421856101e-06,4.3073077336512e-06,1.08019372366376e-06,1.27502157082565e-06,1.74605756668476e-06,1.85247448641487e-06,17.9079124936834,0
7,0.785398163397448,15,4.24385070800781e-05,0,6.62803649902344e-05,2.47955322265625e-05,0.000140666961669922,5.96046447753906e-05,0.000164031982421875,0.000173091888427734,1,0.891514729879154,-0.568405744890943,-0.637412369159143,0.236223632704172,-0.26679652461699,-0.270475704177904,-0.256423963605278,1.27918630325765e-05,1.15081639028517e-05,4.49056238929395e-06,5.37987859544467e-06,1.34544259001976e-06,1.58899689047632e-06,2.13692888860105e-06,2.26283527891651e-06,19.823048052124,0
8,0.785398163397448,22.5,0,5.14984130859375e-05,7.91549682617188e-05,5.19752502441406e-05,1.1444091796875e-05,1.00135803222656e-05,8.53538513183594e-05,9.48905944824219e-05,0.779170976543271,0.855582037681391,-0.992411639587013,-1,0.774158489581879,0.860259921799118,-0.902703692140102,-0.762690621802582,2.88089412530022e-06,4.03048820964499e-06,5.07965521841611e-06,5.91122054671922e-06,3.18746002138308e-06,3.43246320696634e-06,4.81192661588069e-06,4.58747583690866e-06,21.2342005688697,0
8,0.785398163397448,22.5,0,5.96046447753906e-05,8.58306884765625e-05,5.86509704589844e-05,5.96046447753906e-05,5.14984130859375e-05,7.62939453125e-05,9.58442687988281e-05,0.695473580483303,0.864177150035761,-0.994697993270948,-1,0.80848056199218,0.892832064633723,-0.913110662553948,-0.782882812843057,2.10496539241543e-06,3.22799276518942e-06,4.06034095437487e-06,4.68580869568063e-06,2.69455558942576e-06,3.10949657375402e-06,3.94072098503172e-06,3.76989083778743e-06,20.2262344854799,0
8,0.785398163397448,22.5,1.43051147460938e-05,3.33786010742188e-06,5.43594360351562e-05,6.72340393066406e-05,4.29153442382812e-06,0,3.76701354980469e-05,3.14712524414062e-05,0.801853175943208,0.775680915525131,-0.954021777561577,-1,0.840604546017217,0.615546314930324,-0.792002502820494,-0.780902162618682,2.10571123561604e-06,1.91697483452796e-06,2.75300779284681e-06,3.0889524393999e-06,2.3701768636355e-06,1.31758060618445e-06,2.49344886318708e-06,2.44340342934271e-06,18.2103023187003,0
8,0.785398163397448,22.5,0,5.43594360351562e-05,7.86781311035156e-05,5.19752502441406e-05,6.29425048828125e-05,1.38282775878906e-05,8.7738037109375e-05,9.29832458496094e-05,0.820922626146805,0.872916402300417,-0.959651181112519,-1,0.877615111236828,0.794786881388282,-0.822362292752529,-0.773463150235991,4.00925065812637e-06,4.92332074634913e-06,6.40748189676075e-06,7.66431859897795e-06,4.88754137098048e-06,4.55343997996522e-06,6.30909492595348e-06,5.94832579662641e-06,24.3588954273781,0
9,0.785398163397448,30,0.000123500823974609,0.000112056732177734,0.000133991241455078,8.48770141601562e-05,2.38418579101562e-05,2.38418579101562e-05,0,6.19888305664062e-06,0.249515774242112,0.292105522033658,-0.44899928022264,-0.385912842244269,0.957565488767224,1,-0.640673004144062,-0.624082994511423,1.04455423683119e-06,1.18361040082739e-06,2.18437079301307e-06,2.69079829220814e-06,9.60437409579601e-06,1.1806067496153e-05,4.80055954194549e-06,4.3355822943664e-06,18.1095057103614,0
9,0.785398163397448,30,5.7220458984375e-06,0.000102519989013672,0.000119686126708984,6.19888305664062e-05,0,4.76837158203125e-07,1.9073486328125e-05,3.57627868652344e-05,-0.221309480893473,0.280878182304321,-0.419475814764346,-0.350090979950278,0.873340994704054,1,-0.603045277286593,-0.591413341516419,8.94104409759418e-07,1.19702736160299e-06,2.120817433034e-06,2.52631108486462e-06,8.667483314715e-06,1.29232919978624e-05,4.70028453268684e-06,4.24041499363307e-06,18.5126921437173,0
9,0.785398163397448,30,2.6702880859375e-05,0.0001068115234375,0.000125885009765625,7.91549682617188e-05,2.33650207519531e-05,2.05039978027344e-05,4.33921813964844e-05,0,0.267328305069036,0.294241001025885,-0.470138216223553,-0.393242300948545,1,0.977711399458442,-0.668659099681573,-0.635601841960324,1.29548882277502e-06,1.40059596026064e-06,2.75083353303828e-06,3.23770804398226e-06,1.16890301619508e-05,1.25138099721177e-05,5.78930613031453e-06,5.12948841230896e-06,20.2262344854799,0
9,0.785398163397448,30,0.000108718872070312,9.5367431640625e-05,0.000123500823974609,6.96182250976562e-05,5.24520874023438e-06,5.7220458984375e-06,3.33786010742188e-05,0,-0.231430842088882,0.300606860972801,-0.395386705050853,-0.32754941922958,0.852084888350306,1,-0.597135295990861,-0.591809738788232,1.53911831035818e-06,1.99485746774953e-06,3.49442898301722e-06,4.46942704119513e-06,1.30544320768829e-05,2.04228524030455e-05,7.48804502214514e-06,6.98802644793259e-06,22.3429632605985,0
10,0.785398163397448,37.5,8.05854797363281e-05,7.77244567871094e-05,0.000134944915771484,0.000138759613037109,2.86102294921875e-06,0,2.43186950683594e-05,2.6702880859375e-05,-0.04944407418554,0.0857104372152335,-0.10831296973467,-0.0734610716559935,0.82913220051851,1,-0.143390370530371,-0.14107708179201,9.23089934009046e-07,1.10888990874058e-06,1.65172335543231e-06,2.40476782854727e-06,0.000142748378572273,0.000212499032068327,6.43004962562024e-06,5.26909153598473e-06,22.4437598689375,0
10,0.785398163397448,37.5,0.000139236450195312,0.000180244445800781,0.000157356262207031,0.000135898590087891,0,9.5367431640625e-07,6.866455078125e-05,3.48091125488281e-05,-0.0508577743864574,0.0973882405757338,-0.118287989993154,-0.0818499040455105,0.814083239650014,1,-0.158313290305083,-0.160575466522414,5.19821856060062e-07,6.80585392741967e-07,9.73792230927023e-07,1.34224041748942e-06,8.27917539740499e-05,0.000126742463703839,4.14451420626791e-06,3.43259095371558e-06,18.2103023187003,0
10,0.785398163397448,37.5,0.000136375427246094,0.000173091888427734,0.000123977661132812,0.000133037567138672,0,4.76837158203125e-07,2.47955322265625e-05,2.90870666503906e-05,-0.0481554923187985,0.0893515168798992,-0.113833219229691,-0.0757656439787212,0.778491464290888,1,-0.157320195810754,-0.156352806280098,5.97688665687552e-07,8.82500517818549e-07,1.23457609247606e-06,1.73081443918431e-06,8.85134892834283e-05,0.00014861482095396,4.84708301353679e-06,4.06830013786243e-06,19.823048052124,0
10,0.785398163397448,37.5,0.000179290771484375,0.000216484069824219,0.000169277191162109,0.000159740447998047,0,9.5367431640625e-06,8.58306884765625e-05,0.000111103057861328,-0.0481907069195839,0.0762644421277227,-0.102582014988762,0.0696309896093292,0.729968017522969,1,-0.142536451233545,-0.14608959979732,5.58380181152646e-07,9.573610873937e-07,1.29350788702245e-06,1.92328731837455e-06,8.55677250339603e-05,0.00016183121709725,4.89524584199936e-06,4.08187998682426e-06,20.024641268802,0
11,1.5707963267949,7.5,9.29832458496094e-05,0,2.52723693847656e-05,5.05447387695312e-05,0.000153064727783203,9.5367431640625e-05,0.000151634216308594,0.000212669372558594,-0.104726794546043,-1,0.375468733919661,-0.29793973996602,0.281193528320197,-0.286629147334859,0.320940456896334,-0.359234178790239,2.34657357141874e-06,5.57641198722811e-05,8.51365141657921e-06,8.2291431015677e-06,4.68055361097306e-06,7.19868947230068e-06,5.86644383940754e-06,6.44202203972281e-06,15.085607460192,0
11,1.5707963267949,7.5,8.20159912109375e-05,0,1.52587890625e-05,2.6702880859375e-05,0.000135421752929688,0.000141620635986328,0.000152111053466797,0.000145912170410156,-0.096799945591748,-1,0.346376714096341,-0.286824685916922,0.269712875532207,-0.282911111479319,0.30025025422517,-0.342255776584087,2.22360200413806e-06,5.41879401798498e-05,7.93375852218988e-06,8.00896885377063e-06,4.68674603835146e-06,7.15056420671313e-06,5.8870393012772e-06,6.17828101538038e-06,15.4887938935479,0
11,1.5707963267949,7.5,4.14848327636719e-05,0,2.76565551757812e-05,5.7220458984375e-05,0.000164508819580078,0.000103950500488281,0.000166893005371094,0.000133514404296875,-0.102539155745844,-1,0.283933774877764,-0.302467988809572,0.275179222499267,-0.278506568455267,0.296132603284378,-0.330352354296062,2.43181567445074e-06,6.09737536358587e-05,6.47596381313001e-06,9.27276807026296e-06,5.26344287948543e-06,8.34501462675793e-06,6.51571853933743e-06,7.02992925137298e-06,16.8999464102936,0
11,1.5707963267949,7.5,2.95639038085938e-05,0,7.48634338378906e-05,5.19752502441406e-05,0.000155925750732422,0.00016021728515625,0.000167369842529297,0.000127792358398438,0.0977910653774844,-1,0.298087190368075,-0.288997103287246,0.273176099227915,-0.273316659442887,0.298601603715742,-0.328273325848433,2.57606833193612e-06,6.82388739195252e-05,7.5205836704614e-06,1.00139789103359e-05,5.7520829879401e-06,8.96077726489956e-06,7.18079140547453e-06,7.51530311841179e-06,17.8071158853444,0
12,1.5707963267949,15,4.38690185546875e-05,0,0.000121593475341797,6.103515625e-05,9.67979431152344e-05,4.33921813964844e-05,9.25064086914062e-05,0.000138759613037109,0.441698171393479,-1,0.685824760534248,-0.469569152817192,0.586202507114794,-0.69460905761968,0.649705151559844,-0.611493376056966,8.95892938035883e-06,3.24358522838724e-05,1.99112870107411e-05,1.58817699734258e-05,1.47550115069798e-05,2.56963800118306e-05,1.93128843287601e-05,1.52640419435365e-05,18.1095057103614,0
12,1.5707963267949,15,0.000111579895019531,0,0.000108242034912109,0.000133991241455078,0.000111103057861328,6.4849853515625e-05,0.000103950500488281,0.000146389007568359,0.428104763265707,-1,0.731702462430729,-0.487076062196408,0.602049423265032,-0.697661893885044,0.657227431217966,-0.64259204351809,5.42026561415718e-06,1.92148181290914e-05,1.3324358000811e-05,1.00930889431463e-05,9.31081174700028e-06,1.562121929117e-05,1.21870260697635e-05,9.84145844137307e-06,13.7752515517853,0
12,1.5707963267949,15,4.76837158203125e-05,0,3.33786010742188e-05,2.95639038085938e-05,0.000103473663330078,4.29153442382812e-05,0.0001068115234375,0.000140190124511719,0.44952179804102,-1,0.711703732466346,-0.487560167259736,0.596237031110231,-0.711581573850507,0.662628756452049,-0.625927474598413,8.42284269054572e-06,2.94843883859754e-05,1.8985533601383e-05,1.48955567061032e-05,1.38610222285303e-05,2.46000021550651e-05,1.83505178147915e-05,1.42627482184017e-05,17.6055226686665,0
12,1.5707963267949,15,3.67164611816406e-05,0,4.29153442382812e-05,8.24928283691406e-05,0.000116825103759766,3.33786010742188e-05,0.000105381011962891,0.000143527984619141,0.394936994847356,-1,0.685380300218265,-0.441635017857894,0.563622567376657,-0.69254832643433,0.637364017474169,-0.597177380740896,8.40518977001688e-06,3.22475448586051e-05,2.18269736338734e-05,1.58505875321088e-05,1.45919532338644e-05,2.57771925778166e-05,1.97001122585288e-05,1.52674212686e-05,18.1095057103614,0
13,1.5707963267949,22.5,5.48362731933594e-05,0,4.62532043457031e-05,9.77516174316406e-05,5.19752502441406e-05,8.58306884765625e-06,7.10487365722656e-05,5.7220458984375e-05,0.483946177506537,-0.602584950845132,0.711865397399296,-0.608053352427873,0.630749300735581,-1,0.79148160676945,-0.625089121227436,1.03385270421672e-05,1.41329843865564e-05,2.33119050008184e-05,1.70802450580444e-05,1.74225334486366e-05,4.45682649843644e-05,2.77884434284394e-05,1.61725298382281e-05,17.0007430186326,0
13,1.5707963267949,22.5,5.76972961425781e-05,0,5.67436218261719e-05,9.87052917480469e-05,7.34329223632812e-05,1.23977661132812e-05,5.14984130859375e-05,0.000107288360595703,0.483965839552395,-0.67222325873362,0.787865547732005,-0.596527837947146,0.622310707110187,-1,0.808201796931357,-0.678995734503642,9.54864756526512e-06,1.49233972732067e-05,2.49975205293343e-05,1.65169449065919e-05,1.59794897698188e-05,3.90240307934698e-05,2.69966678567181e-05,1.59895799482562e-05,17.0007430186326,0
13,1.5707963267949,22.5,5.10215759277344e-05,0,5.86509704589844e-05,9.34600830078125e-05,4.86373901367188e-05,5.24520874023438e-06,7.10487365722656e-05,7.58171081542969e-05,0.494988094089361,-0.626471151088137,0.732281368215701,-0.589670736833209,0.646071619770358,-1,0.801815228287231,-0.667451963519695,8.01387781114633e-06,1.08128649308067e-05,1.76016093496807e-05,1.27922334289415e-05,1.33431063667856e-05,3.14714541259791e-05,2.02226819518928e-05,1.24297921214036e-05,14.3800312018191,0
13,1.5707963267949,22.5,5.53131103515625e-05,0,3.48091125488281e-05,8.63075256347656e-05,5.38825988769531e-05,5.7220458984375e-06,4.52995300292969e-05,6.43730163574219e-05,0.453616444959534,-0.643693038714617,0.701741377317666,-0.54606743218222,0.569267758898563,-1,0.759763484739042,-0.585112821180672,1.23166351743797e-05,1.92264796784639e-05,3.04085245065131e-05,2.04813711675955e-05,2.07528016233407e-05,5.45879853359209e-05,3.50468265543847e-05,1.95289336800298e-05,19.923844660463,0
14,1.5707963267949,30,9.87052917480469e-05,3.0517578125e-05,9.34600830078125e-05,0.000141143798828125,4.62532043457031e-05,0,4.29153442382812e-05,2.38418579101562e-05,0.278104827395971,-0.255440728935258,0.420773904840561,-0.401899550558326,0.360118899815132,-1,0.563586173038946,-0.313946316059589,7.75065683939728e-06,7.13841814781783e-06,1.65204118783036e-05,1.42077666023347e-05,1.26106775502939e-05,8.54412979020643e-05,2.70430199814939e-05,1.33400176676298e-05,16.5975565852767,0
14,1.5707963267949,30,0.000102519989013672,0.000103473663330078,0.000101566314697266,0.000147819519042969,5.14984130859375e-05,0,4.57763671875e-05,2.19345092773438e-05,0.283381602530406,-0.269266486095788,0.421826735799864,-0.403628505779138,0.373971439599346,-1,0.560750613547543,-0.315977965655854,5.67109601130984e-06,5.09276658137949e-06,1.1757477268714e-05,1.01128208926706e-05,9.51777015337548e-06,6.04556239015342e-05,1.84311996539757e-05,9.58537561829018e-06,13.9768447684632,0
14,1.5707963267949,30,9.63211059570312e-05,3.33786010742188e-05,9.96589660644531e-05,0.000130653381347656,5.81741333007812e-05,0,4.91142272949219e-05,3.14712524414062e-05,0.285103426022413,-0.282281768947769,0.43109003892381,-0.397306014611729,0.36728079669268,-1,0.568190970447998,-0.311189845189879,8.21663714587808e-06,7.99824555429731e-06,1.80037131800206e-05,1.46868682402151e-05,1.36374479872996e-05,8.38961489987784e-05,2.97040429616789e-05,1.36483905424683e-05,17.5047260603275,0
14,1.5707963267949,30,9.20295715332031e-05,3.86238098144531e-05,9.63211059570312e-05,0.000142574310302734,4.24385070800781e-05,0,3.91006469726562e-05,2.90870666503906e-05,0.284790195323255,-0.278471218971122,0.432270814627207,-0.402392459013092,0.366826570318077,-1,0.565884463009651,-0.31379837074544,6.97096026326134e-06,6.54056862168161e-06,1.4916715505476e-05,1.24788721826696e-05,1.15214857340618e-05,7.11158362382775e-05,2.39862290415027e-05,1.17341942402226e-05,15.5895905018869,0
15,1.5707963267949,37.5,0.000187397003173828,0.000163555145263672,0.000177860260009766,0.000231266021728516,9.72747802734375e-05,0,8.91685485839844e-05,0.000118732452392578,0.100889210487709,-0.0809342029221282,0.14993298915709,-0.146162093070886,0.0802974423219544,-1,0.16731499452267,-0.145604140275904,3.97637111753097e-06,3.25510236975635e-06,8.19431669391595e-06,8.27224384756307e-06,4.40168859345683e-06,0.000322717392087513,1.1070777539012e-05,9.18330675042727e-06,18.9158785770732,0
15,1.5707963267949,37.5,0.000179290771484375,0.000194072723388672,0.000180244445800781,0.000231742858886719,7.53402709960938e-05,0,9.39369201660156e-05,0.000138759613037109,0.0987170820893532,-0.0805844759742041,0.143871825881633,-0.146114256410842,0.0853630377289583,-1,0.152510471788731,-0.1429457070284,3.70893892136465e-06,2.94147490121453e-06,7.41445822175242e-06,7.427207368455e-06,4.4858449833456e-06,0.000275843137411192,8.84766127613819e-06,8.1078576697638e-06,17.3031328436495,0
15,1.5707963267949,37.5,0.000199317932128906,0.000169277191162109,0.000200271606445312,0.000212192535400391,7.34329223632812e-05,0,6.67572021484375e-05,0.000102996826171875,0.101368344914502,-0.0785930303898551,0.145731477281516,-0.158037055965224,0.0897329962235541,-1,0.178086651123656,-0.1394576393729,2.61198381580351e-06,1.97541677556816e-06,5.35801762193839e-06,5.0344789973887e-06,3.10768996335606e-06,0.000182794473331397,6.93470512587232e-06,5.61797949138516e-06,14.3800312018191,0
15,1.5707963267949,37.5,0.000139713287353516,0.000169754028320312,0.000149726867675781,8.0108642578125e-05,2.00271606445312e-05,0,2.00271606445312e-05,4.00543212890625e-05,0.112619688104468,-0.0945842926480182,0.164338474718427,-0.162863679832888,0.0997240595275945,-1,0.176382851555687,-0.155990168896791,3.93512152721778e-06,3.16878607361279e-06,7.89758242933769e-06,7.74167899586986e-06,4.7417576146416e-06,0.000276676451102147,9.78852227271345e-06,8.33139300458807e-06,17.7063192770055,0
16,2.35619449019234,7.5,3.00407409667969e-05,1.52587890625e-05,0,2.33650207519531e-05,0.000148773193359375,0.000219821929931641,0.00018310546875,0.000147819519042969,-0.238211519342886,0.922586727903364,1,-0.31113538593322,-0.283067272747447,0.312663341146374,-0.206002842228654,-0.171792088503438,1.75612022404461e-06,2.12369841685366e-05,2.26937749760529e-05,3.79686398331897e-06,9.46444300486709e-07,2.34288154666633e-06,9.39671169788408e-07,1.22239090615007e-06,15.2872006768699,0
16,2.35619449019234,7.5,2.33650207519531e-05,1.71661376953125e-05,0,2.00271606445312e-05,0.000140190124511719,0.000181674957275391,0.000176906585693359,0.000134944915771484,-0.200173373416878,0.82129645971337,1,-0.2612501041044,-0.215050470368636,0.250303438705841,-0.149179214819797,-0.136455248443186,2.38292361940294e-06,3.17528661657173e-05,4.34713979805923e-05,5.08866697155039e-06,1.2251222532417e-06,2.99331279404817e-06,1.16113681866761e-06,1.58412087053043e-06,17.9079124936834,0
16,2.35619449019234,7.5,2.33650207519531e-05,1.95503234863281e-05,0,2.09808349609375e-05,7.20024108886719e-05,0.000185012817382812,0.000184535980224609,0.000115394592285156,-0.190101061770667,0.772164239156421,1,-0.243382173316327,-0.198544400452621,0.231155002626597,-0.138453636215349,-0.135497334440184,2.92697591026476e-06,3.6982861054802e-05,5.51684570901103e-05,6.03748464898483e-06,1.47398116661052e-06,3.26750723383916e-06,1.34272805177587e-06,1.84072123153945e-06,19.722251443785,0
16,2.35619449019234,7.5,2.71797180175781e-05,1.57356262207031e-05,0,2.00271606445312e-05,7.67707824707031e-05,0.000205039978027344,8.05854797363281e-05,0.000134468078613281,-0.217857266164385,0.927385283540647,1,-0.291196089802505,-0.240384354793324,0.270792055638554,-0.181523317364795,0.143527123702833,2.01631427597449e-06,2.7106776511079e-05,3.17275039776734e-05,4.19600871097046e-06,1.09666666998183e-06,2.68967307384361e-06,1.15340554325866e-06,1.29107532959665e-06,16.6983531936156,0
17,2.35619449019234,15,0.000107765197753906,4.05311584472656e-05,0,6.62803649902344e-05,0.000153064727783203,0.000111579895019531,5.24520874023438e-05,0.000156879425048828,-0.382380712506297,0.631113699315531,1,-0.52108437972126,-0.277977763787396,0.48688235650093,-0.264741293979033,-0.259850836168845,2.50335158930802e-06,5.67333507852336e-06,1.46944824110445e-05,5.38698136004814e-06,1.64250983069744e-06,4.23625380017976e-06,1.27422851164282e-06,1.81015322903069e-06,17.3031328436495,0
17,2.35619449019234,15,7.34329223632812e-05,0,1.9073486328125e-05,3.814697265625e-05,0.000113964080810547,7.29560852050781e-05,8.63075256347656e-05,0.000112533569335938,-0.407443318969483,0.681129213414704,1,-0.534544761017053,-0.326425245125737,0.568446614016299,-0.318798075535731,-0.278578750529978,1.35981654687006e-06,3.23995399138518e-06,6.92601969957018e-06,2.8501780703577e-06,9.39193594783187e-07,2.55097606708203e-06,8.16046229995193e-07,9.44957775912152e-07,12.6664888600565,0
17,2.35619449019234,15,0.000116348266601562,3.814697265625e-05,0,7.10487365722656e-05,0.000148773193359375,0.000114917755126953,0.000122547149658203,0.000155448913574219,-0.389273699546962,0.637970672118456,1,-0.512781398725084,-0.284569401788993,0.485714163999543,-0.264380763397148,-0.261413513057712,2.24981091430115e-06,4.98372368448638e-06,1.27386422011332e-05,4.65374262429069e-06,1.50258382100938e-06,3.86352636513027e-06,1.1883981244409e-06,1.57170431125759e-06,16.1943701519208,0
17,2.35619449019234,15,0,2.43186950683594e-05,1.23977661132812e-05,6.53266906738281e-05,0.000135421752929688,0.000101566314697266,0.000111579895019531,0.000140190124511719,-0.387261701264499,0.60901713462077,1,-0.502264314376722,-0.251951989121025,0.456862408103447,-0.2314232520413,-0.240995346419488,3.45914207630881e-06,7.05121658063502e-06,1.98670930495089e-05,7.04776856065293e-06,2.22909908738635e-06,5.69537634863503e-06,1.60306855814393e-06,2.42906376617017e-06,19.621454835446,0
18,2.35619449019234,22.5,5.340576171875e-05,6.05583190917969e-05,5.81741333007812e-05,7.39097595214844e-05,8.20159912109375e-05,3.29017639160156e-05,0,7.72476196289062e-05,-0.537727247636446,0.487870694661456,0.733369895066123,-0.704619401308282,-0.505872131877166,1,-0.332525511712346,-0.571528490688359,2.09103081513889e-06,1.64209668458361e-06,3.86404336467179e-06,4.10314437446895e-06,2.51680398206729e-06,8.98488250494147e-06,1.24236320400827e-06,2.64281609679346e-06,17.0007430186326,0
18,2.35619449019234,22.5,4.48226928710938e-05,4.38690185546875e-05,6.67572021484375e-06,3.48091125488281e-05,6.72340393066406e-05,2.19345092773438e-05,0,7.2479248046875e-05,-0.455849773030059,0.483832522024663,0.500436848542948,-0.585872942891275,-0.443051517202206,1,-0.374715708744797,-0.504791784515544,2.59297890612261e-06,2.58478151470365e-06,3.02467401042512e-06,4.91855735454503e-06,3.34298863582993e-06,1.44844028693701e-05,2.1927505293859e-06,3.17021886885797e-06,18.6134887520563,0
18,2.35619449019234,22.5,5.19752502441406e-05,4.62532043457031e-05,0,7.29560852050781e-05,8.29696655273438e-05,3.09944152832031e-05,3.33786010742188e-06,7.67707824707031e-05,-0.460399021143604,0.497324588169073,0.513435663902514,-0.597496197144689,-0.441908442588778,1,-0.379078338418384,-0.491587290029607,2.74954279704057e-06,2.83447581262736e-06,3.29809403416369e-06,5.22266593410485e-06,3.42620759903354e-06,1.45591668897994e-05,2.33840826449337e-06,3.25557916217955e-06,18.9158785770732,0
18,2.35619449019234,22.5,2.57492065429688e-05,5.29289245605469e-05,6.19888305664062e-05,4.81605529785156e-05,8.392333984375e-05,3.24249267578125e-05,0,7.48634338378906e-05,-0.461684328266508,0.46164020014629,0.546696199697293,-0.585031099448608,-0.460215670046091,1,-0.322205609786114,-0.527485422067769,2.44787625375428e-06,2.22531655663953e-06,3.45816896044244e-06,4.77486802619002e-06,3.23516343415429e-06,1.40345724158448e-05,1.77224286188134e-06,3.26067004726336e-06,18.6134887520563,0
19,2.35619449019234,30,0.000105381011962891,9.72747802734375e-05,8.72611999511719e-05,0.000105381011962891,1.19209289550781e-05,0,1.43051147460938e-06,3.67164611816406e-05,-0.203322161460844,0.188089481023714,-0.190437902675291,-0.170118519679419,-0.294746645233461,1,-0.221646084412624,-0.305582284947903,1.75662708158979e-06,1.11867313522423e-06,1.48629145887961e-06,2.36378312068314e-06,3.88027138798913e-06,3.72560716902496e-05,2.20115612181571e-06,2.92037062522545e-06,14.6824210268361,0
19,2.35619449019234,30,0.000103473663330078,0.000147819519042969,4.00543212890625e-05,9.63211059570312e-05,5.38825988769531e-05,0,3.95774841308594e-05,2.86102294921875e-06,-0.180291069057008,0.16222176562308,-0.174941727665266,0.147894134402405,-0.272962616707199,1,-0.219152013282569,-0.291332409182904,1.6902321707153e-06,1.21016736107062e-06,1.55113134438922e-06,2.44666421628848e-06,4.0096975361429e-06,4.33641308561675e-05,2.54372054901907e-06,3.12184415631129e-06,14.984810851853,0
19,2.35619449019234,30,9.87052917480469e-05,0.000148296356201172,0.000142574310302734,0.000135421752929688,1.23977661132812e-05,3.24249267578125e-05,2.71797180175781e-05,0,-0.215270833976427,0.190873270752593,-0.172696072535412,-0.183046879666181,-0.302683379338683,1,-0.164725635051625,-0.309572423210106,1.64295420197335e-06,9.96744304168536e-07,1.3986553541076e-06,2.21270669663468e-06,3.86305563825462e-06,3.50065354888267e-05,1.70179994488716e-06,2.82606424096634e-06,14.783217635175,0
19,2.35619449019234,30,9.87052917480469e-05,0.0001373291015625,4.72068786621094e-05,9.44137573242188e-05,1.09672546386719e-05,0,2.86102294921875e-05,1.62124633789062e-05,-0.186344978379855,0.17259570707268,-0.124130230374078,-0.134594763402341,-0.293277011438886,1,-0.150637816887269,-0.260285459252043,2.90941517444059e-06,1.88217122844476e-06,2.36256772943312e-06,4.15797631868478e-06,6.45390416373855e-06,6.56882811078636e-05,2.66591866169851e-06,4.90664148209561e-06,19.3190650104291,0
20,2.35619449019234,37.5,7.43865966796875e-05,0.0001678466796875,0.000179767608642578,0.000138759613037109,2.90870666503906e-05,1.09672546386719e-05,0,2.81333923339844e-05,-0.0719650359413126,0.0733505988877535,0.109071043327753,-0.0941706229784503,-0.144480762510039,1,0.815903291333814,-0.142065792068495,6.26011526614295e-07,4.80798872401799e-07,9.76313505562318e-07,1.17858200113287e-06,2.04576192522349e-06,0.000127573950043242,8.44487115254009e-05,2.47483580265666e-06,17.1015396269716,0
20,2.35619449019234,37.5,0.000102519989013672,0.000159263610839844,0.000173091888427734,0.000128746032714844,2.71797180175781e-05,8.58306884765625e-06,0,1.23977661132812e-05,-0.0804217119466523,0.0794119762589548,0.118540655988407,-0.109681711002976,-0.161047751462518,1,0.740778338396259,-0.153838626418576,5.57106913724784e-07,4.06613112362892e-07,9.04776861186066e-07,1.0160959077318e-06,1.85972226528119e-06,9.3802518613664e-05,5.11621836859599e-05,2.13725078281161e-06,15.5895905018869,0
20,2.35619449019234,37.5,0.000136852264404297,0.000163078308105469,0.000170707702636719,0.000128269195556641,2.09808349609375e-05,3.33786010742188e-06,0,6.67572021484375e-05,-0.0719232506255313,0.065990256322411,0.131484772953126,-0.113141958568034,-0.161226876793993,1,0.829177703673469,-0.149607737798433,4.63800121921624e-07,2.8725217598636e-07,8.98374722052376e-07,8.40127503943126e-07,1.53457557521022e-06,7.99966248241378e-05,5.40138304867613e-05,1.7922503764265e-06,14.5816244184971,0
20,2.35619449019234,37.5,0.000101566314697266,0.000154972076416016,0.000178337097167969,0.000127315521240234,2.81333923339844e-05,6.67572021484375e-06,0,3.09944152832031e-05,-0.0756362168144892,0.0660930036408339,0.126882497316934,-0.127133817566766,-0.179676913103047,1,0.791047189024957,-0.164493082706623,6.71498690093101e-07,4.25870395293672e-07,1.33595588144148e-06,1.24767809591986e-06,2.21517220672938e-06,9.50168188721258e-05,5.8475343406118e-05,2.63484986316219e-06,16.7991498019546,0
21,3.14159265358979,7.5,0.000134468078613281,0.000149726867675781,0,0.000119209289550781,0.000298500061035156,0.000232219696044922,0.000186443328857422,0.000251293182373047,-0.173632528007259,0.139934217237399,1,0.141150776670276,-0.219662228873339,0.235636803856144,-0.183946973570856,0.224387304853075,4.01463759338778e-06,2.33354644917878e-06,9.19957594369944e-05,6.44771127493907e-06,4.82968493988726e-06,6.85099885589086e-06,5.48980441619617e-06,5.45194664971269e-06,16.2951667602597,0
21,3.14159265358979,7.5,0.000123500823974609,8.58306884765625e-05,0,0.000101089477539062,0.000221729278564453,0.000167369842529297,0.000114917755126953,0.000162124633789062,-0.107461550254698,0.0872695630901823,-1,0.0995033223050869,-0.140797310544953,0.169517987609238,-0.116189430888732,0.148937837638062,4.13883741119183e-06,2.64769034164239e-06,0.000216130544672,6.8300460575697e-06,5.51054579234007e-06,8.22018985265151e-06,6.44300369816005e-06,6.71748050612987e-06,15.4887938935479,0
21,3.14159265358979,7.5,9.29832458496094e-05,0.000127792358398438,0,7.2479248046875e-05,0.000246047973632812,0.000199794769287109,0.000164031982421875,0.000189304351806641,-0.122690561879566,0.0913054761756844,-1,0.108874399461074,-0.160153226450764,0.183904496650124,-0.12155271089652,0.162746741056417,4.55514170381829e-06,2.63433177119427e-06,0.000192504040695547,7.4545298511454e-06,5.86125711051824e-06,8.67009612192683e-06,6.71374435022032e-06,7.19177554597464e-06,17.4039294519885,0
21,3.14159265358979,7.5,0.000129222869873047,9.20295715332031e-05,0,9.05990600585938e-05,0.000214099884033203,0.000192642211914062,0.000171661376953125,0.000196933746337891,-0.0987618033170356,0.0844511784583989,-1,0.103374703007805,-0.136488485366358,0.149878045686172,-0.116818279455124,0.130108160039902,4.33237880225333e-06,2.48365747115021e-06,0.000271949763222796,6.93223655070438e-06,5.5150567042492e-06,8.46692293536985e-06,6.34929965083943e-06,7.08317927397441e-06,17.8071158853444,0
22,3.14159265358979,15,0.0001678466796875,0.00014495849609375,0,2.81333923339844e-05,0.000266075134277344,0.000230312347412109,6.58035278320312e-05,0.000109195709228516,-0.147044463423148,0.199198667653599,-1,0.258532064319412,-0.251300024724889,0.317379714085416,-0.243202866545212,0.275796332138216,6.60387337025915e-06,6.99398554594408e-06,0.000119751790651556,1.42923671761405e-05,1.05012470572731e-05,1.80800246957625e-05,1.52627291939585e-05,1.43122918001432e-05,16.1943701519208,0
22,3.14159265358979,15,0.000125885009765625,2.24113464355469e-05,0,4.62532043457031e-05,0.000119686126708984,9.5367431640625e-05,6.29425048828125e-05,0.000102043151855469,-0.173298991948024,0.206344609555518,-1,0.302381651432248,-0.275367551778356,0.34170373442219,-0.265760177235216,0.298470220920253,9.54459387725652e-06,9.17168379055238e-06,0.000146941451127686,2.1998842250549e-05,1.50967685011487e-05,2.50437536924221e-05,2.18327333377391e-05,2.04402596356733e-05,18.3110989270393,0
22,3.14159265358979,15,0.000123023986816406,3.95774841308594e-05,0,6.67572021484375e-06,0.000139713287353516,0.000111579895019531,4.9591064453125e-05,0.000111579895019531,-0.202613883282645,0.235079127228702,-1,0.293118105970043,-0.293669416240213,0.351732027140344,-0.295639659900344,0.321860955588129,6.53387373837483e-06,6.6847852842217e-06,9.4012861628863e-05,1.28862726807873e-05,1.03146896121472e-05,1.70301694943759e-05,1.44873152222259e-05,1.30032835616105e-05,14.4808278101581,0
22,3.14159265358979,15,0.000178337097167969,7.96318054199219e-05,0,5.10215759277344e-05,0.000224113464355469,0.000147819519042969,8.63075256347656e-05,0.000235557556152344,-0.158217156840371,0.206997581653377,-1,0.264633449854927,-0.249468344312838,0.325961440656625,-0.251606716212483,0.290484312403343,5.81112778587723e-06,6.54832689815425e-06,0.000114566496635333,1.29503242237457e-05,9.29298159381105e-06,1.66254082270317e-05,1.38133413391303e-05,1.29434139703407e-05,15.8919803269038,0
23,3.14159265358979,22.5,9.87052917480469e-05,4.48226928710938e-05,0,5.81741333007812e-05,9.96589660644531e-05,5.67436218261719e-05,8.10623168945312e-06,5.76972961425781e-05,-0.327922763887566,0.340793923317378,-1,0.569064625431722,-0.444296854889742,0.610183532977864,-0.639004818694991,0.548420568189625,9.59682929980537e-06,9.66589557336919e-06,6.02956149115256e-05,2.47708167081783e-05,1.53549843880564e-05,2.93738979103995e-05,3.25100370759156e-05,2.4137780540685e-05,17.2023362353105,0
23,3.14159265358979,22.5,1.47819519042969e-05,4.86373901367188e-05,0,4.29153442382812e-05,5.91278076171875e-05,6.24656677246094e-05,2.86102294921875e-06,6.19888305664062e-05,-0.323235499999453,0.347656446675812,-1,0.513035705855036,-0.443310980556196,0.631093911128688,-0.652373956191199,0.5162969338368,9.14505878184155e-06,1.0087685030944e-05,5.94932616012568e-05,2.07626903859447e-05,1.46359736966983e-05,3.07513220281359e-05,3.19038525309511e-05,2.09045119246872e-05,17.1015396269716,0
23,3.14159265358979,22.5,1.1444091796875e-05,4.38690185546875e-05,0,4.38690185546875e-05,1.52587890625e-05,4.9591064453125e-05,6.67572021484375e-06,3.67164611816406e-05,-0.284532330316602,0.328973515113115,-1,0.484462206277746,-0.391998542959231,0.561223788298689,-0.661570517009468,0.480558208970901,1.48939481738037e-05,1.51447173670698e-05,9.23663387160883e-05,3.45658178427879e-05,2.36730012924529e-05,4.60488626398294e-05,5.10443404545992e-05,3.45058664261123e-05,20.9318107438528,0
23,3.14159265358979,22.5,8.24928283691406e-05,0,7.39097595214844e-05,0.000130653381347656,0.00018310546875,0.000139236450195312,6.24656677246094e-05,9.34600830078125e-05,-0.245909318223145,0.328107487736874,-1,0.508694439740138,-0.334564904761737,0.574123066407138,-0.674415690723283,0.49990216949033,9.03695068628915e-06,1.0481470311299e-05,6.28121059086619e-05,2.45863558719003e-05,1.48690810289763e-05,3.25806041524505e-05,3.60046972836378e-05,2.44526055232293e-05,18.3110989270393,0
24,3.14159265358979,30,0.000148296356201172,0.000103473663330078,3.86238098144531e-05,9.1552734375e-05,2.90870666503906e-05,4.62532043457031e-05,0,6.53266906738281e-05,-0.292850986840422,0.300723188642242,-0.613201933436967,0.424536207567002,0.292220167892617,0.507838732234204,-1,0.402058920919181,1.6501104309161e-05,1.37054820680059e-05,5.25937951265639e-05,3.49824257711961e-05,2.56276987394808e-05,4.92870202050991e-05,0.000110431088126001,3.53155227730279e-05,21.9397768272426,0
24,3.14159265358979,30,0.000132560729980469,9.34600830078125e-05,4.81605529785156e-05,9.25064086914062e-05,0.000133037567138672,4.62532043457031e-05,0,8.29696655273438e-05,-0.26931919552624,0.25403252519597,-0.548104077850983,0.421287704925621,-0.287880746200454,0.471772357734913,-1,0.403274957037333,9.59286579503457e-06,8.48192816075728e-06,3.17686345509807e-05,2.20905189071591e-05,1.51193238210281e-05,2.95837585361941e-05,7.47972130840712e-05,2.27238116746677e-05,18.4118955353783,0
24,3.14159265358979,30,0.000144481658935547,9.58442687988281e-05,3.33786010742188e-05,9.48905944824219e-05,6.19888305664062e-05,2.90870666503906e-05,0,3.09944152832031e-05,-0.321318912928102,0.293722638709023,-0.577142951434784,0.462389918995341,-0.298862375569875,0.55302038729793,-1,0.459891069512244,1.02625813992196e-05,8.86874357133298e-06,3.31559573013211e-05,2.28192128208458e-05,1.60920291687287e-05,3.10371223273098e-05,7.37532361086351e-05,2.32802536842976e-05,18.1095057103614,0
24,3.14159265358979,30,0.000300884246826172,0.000138282775878906,0.000107288360595703,0.000144481658935547,0.000154495239257812,9.44137573242188e-05,0,9.34600830078125e-05,-0.257064628834787,0.253528557166719,-0.549109765471519,0.394715967709519,-0.274614052687351,0.470892457002355,-1,0.364213121698802,1.14284668833666e-05,1.01661030046341e-05,3.75409170621782e-05,2.56768069879997e-05,1.8057248087878e-05,3.81103363813653e-05,8.80669337050492e-05,2.5343394382527e-05,19.722251443785,0
25,3.14159265358979,37.5,0.000237464904785156,0.00022125244140625,0.000185966491699219,0.000191688537597656,0.000149250030517578,0.000116825103759766,0,8.7738037109375e-05,-0.111622827954017,0.095322334713096,-0.155159021091544,0.159445865242632,-0.138215522144887,0.123665105225015,-1,0.0970449822783691,4.11084329361377e-06,3.32730285755693e-06,1.04877883050895e-05,8.53902398987491e-06,7.55564789621687e-06,8.02701757016048e-06,0.000252078961492969,5.79732798414598e-06,19.4198616187681,0
25,3.14159265358979,37.5,0.000124931335449219,0.000143527984619141,0.000142574310302734,0.000143051147460938,4.48226928710938e-05,3.4332275390625e-05,0,2.33650207519531e-05,-0.141531056594178,0.13697195906196,-0.177537772826648,0.195233954629655,-0.173238023175244,0.194175856440141,-1,0.111738938163521,4.32817325634633e-06,3.32672839302625e-06,1.02731528381491e-05,8.19177229599169e-06,7.37424557529279e-06,9.41735782877406e-06,0.000178095099141097,5.79575155154742e-06,16.6983531936156,0
25,3.14159265358979,37.5,0.000230312347412109,0.000222206115722656,0.000181198120117188,0.000196933746337891,0.000134944915771484,8.48770141601562e-05,0,9.5367431640625e-05,-0.132083054194584,0.114374693602362,-0.176722564599474,0.198924338898672,-0.15387448770746,0.172670709797516,-1,0.108712475431559,2.74216568116934e-06,2.11943483119901e-06,6.56763961000527e-06,5.33375984227116e-06,4.82817772639403e-06,6.09996007040998e-06,0.000125275128648454,3.77882795116829e-06,13.6744549434463,0
25,3.14159265358979,37.5,0.000202178955078125,0.000193119049072266,0.000171661376953125,0.000210285186767578,0.000109195709228516,6.62803649902344e-05,0,8.10623168945312e-05,-0.105295986980696,0.0916943485197978,-0.152923814478879,0.156777133664371,-0.130911066479416,0.147647098496275,-1,0.0832130120633055,3.59816959620821e-06,3.03124734384938e-06,9.17157007622135e-06,7.54030524861885e-06,6.52137623946248e-06,8.91505894122629e-06,0.000192257227045863,5.03241923738173e-06,17.2023362353105,0
26,-2.35619449019234,7.5,1.9073486328125e-05,2.47955322265625e-05,3.814697265625e-06,0,0.000133514404296875,0.000107288360595703,0.000178813934326172,0.000177383422851562,-0.0996964745049783,-0.0921342392202954,1,0.992898795200203,-0.0707459784160929,-0.114629267887803,0.104875925210877,-0.0675425292958358,2.07615079521431e-06,2.2639382031547e-06,0.000182868082451764,0.000181191905029485,1.27564057181396e-06,1.55575006473152e-06,2.104713619943e-06,1.16046123245783e-06,16.4967599769377,0
26,-2.35619449019234,7.5,1.9073486328125e-05,2.00271606445312e-05,9.05990600585938e-06,0,0.000104904174804688,0.000136375427246094,0.000180721282958984,0.000176429748535156,-0.105191661386043,-0.0965603897288951,1,0.962596312859449,0.0740134755715592,-0.11886671103569,0.116202537425568,-0.0698224291788182,1.59273333452015e-06,1.87888407652039e-06,0.000126855662840735,0.000119793401262394,9.56928886104911e-07,1.38906876515992e-06,1.66828696099739e-06,7.48589584352062e-07,14.4808278101581,0
26,-2.35619449019234,7.5,2.00271606445312e-05,2.00271606445312e-05,9.5367431640625e-06,0,0.000145912170410156,0.000147342681884766,0.000175952911376953,0.000179290771484375,-0.100183168835921,-0.0904871659007881,1,0.981869803200424,0.0675360629717715,-0.110192582615477,0.104709007514662,-0.0630329970633202,1.65096942235525e-06,1.98526312748019e-06,0.000138176294891672,0.000135691336509827,9.20833654008198e-07,1.23678056920658e-06,1.59728440602455e-06,7.42710901475619e-07,14.783217635175,0
26,-2.35619449019234,7.5,2.6702880859375e-05,3.33786010742188e-05,2.288818359375e-05,0,0.000141143798828125,0.000138282775878906,0.000174999237060547,0.000172138214111328,-0.09860767636014,-0.0850962506985987,1,0.977843896894304,-0.0691181489430295,-0.107477910103974,0.0951900290442189,0.0703128775793331,1.26280726299861e-06,1.53508016297678e-06,0.000105700931102927,0.000104062146642674,5.68768037368877e-07,8.0856411832438e-07,9.35536212139456e-07,6.44285708948355e-07,12.5656922517175,0
27,-2.35619449019234,15,7.58171081542969e-05,0,1.62124633789062e-05,1.38282775878906e-05,0.000143527984619141,0.000121593475341797,9.10758972167969e-05,0.000135421752929688,-0.25776528446495,-0.229281683595822,1,0.642080885895799,-0.119762464487843,-0.262947232736581,0.305341966760394,-0.115642497371764,2.68524967790553e-06,2.52855601326213e-06,3.78475197345068e-05,1.51927530929434e-05,1.84146313996726e-06,3.6979505735746e-06,4.09159201256356e-06,1.23496325669664e-06,16.3959633685987,0
27,-2.35619449019234,15,6.24656677246094e-05,6.72340393066406e-05,0,1.9073486328125e-05,0.000123500823974609,0.000113010406494141,0.000101566314697266,0.000123023986816406,-0.282420202460094,-0.252411219855154,1,0.873619716721054,-0.156203292203345,-0.282451411910629,0.291881060374092,0.163923702974783,1.29297188542394e-06,1.31700552674922e-06,1.59123323276394e-05,1.23648280754708e-05,7.91747702028937e-07,1.82881248206754e-06,1.62281270946141e-06,7.20419496876816e-07,11.7593193850057,0
27,-2.35619449019234,15,9.25064086914062e-05,9.10758972167969e-05,0,4.9591064453125e-05,0.000161647796630859,0.000146865844726562,0.000124454498291016,0.000149250030517578,-0.247780788016022,-0.236218423552093,1,0.693027799312632,-0.119415593915086,-0.278641847231801,0.281982404075471,0.108042526341865,2.66541288656158e-06,2.68086554389779e-06,3.73312907406047e-05,1.81606082593767e-05,1.68310215218626e-06,3.79158493019873e-06,3.89337981487121e-06,1.23378571715514e-06,17.2023362353105,0
27,-2.35619449019234,15,6.29425048828125e-05,6.24656677246094e-05,1.9073486328125e-06,0,0.000123977661132812,0.000113487243652344,9.67979431152344e-05,0.000127315521240234,-0.278899572655876,-0.257357206805816,1,0.945422290955457,-0.158802547531576,-0.2662625895301,0.261175125737125,0.170887389634009,1.52588344789704e-06,1.62078320331582e-06,1.85118208468954e-05,1.71459964156632e-05,8.32790675589572e-07,1.87665552998452e-06,1.64709585052303e-06,8.63638332258394e-07,12.7672854683955,0
28,-2.35619449019234,22.5,7.15255737304688e-06,4.76837158203125e-07,1.23977661132812e-05,3.814697265625e-06,4.1961669921875e-05,3.67164611816406e-05,0,1.23977661132812e-05,-0.560826012867104,-0.478779151730358,0.933491190567863,1,-0.478736502399883,-0.811087874756449,0.874788776102733,0.776815566250939,1.86969059523005e-06,1.56973037406427e-06,4.25010910539181e-06,5.84003945270554e-06,1.80510024742501e-06,4.46723253591821e-06,4.1632086810741e-06,3.13003248614994e-06,15.9927769352428,0
28,-2.35619449019234,22.5,5.24520874023438e-06,5.24520874023438e-06,4.29153442382812e-06,5.7220458984375e-06,4.1961669921875e-05,3.67164611816406e-05,1.9073486328125e-06,0,-0.602203157704675,-0.477400293840492,0.948984254594579,0.964562919333531,-0.534900701317665,-0.914396674170406,1,0.839395098468476,1.87015072308818e-06,1.53192709756543e-06,4.26069918459959e-06,5.04970970900269e-06,1.98056577180889e-06,5.03452684058466e-06,5.00203270118458e-06,3.2942738576577e-06,16.3959633685987,0
28,-2.35619449019234,22.5,1.33514404296875e-05,8.58306884765625e-06,2.86102294921875e-06,7.15255737304688e-06,3.62396240234375e-05,3.67164611816406e-05,0,1.62124633789062e-05,-0.580272040381941,-0.469451812541894,0.87777179807125,1,-0.505234479581941,-0.846722615454433,0.871154921077552,0.814175551128043,1.64298830118934e-06,1.34249861693626e-06,3.30027727333375e-06,5.14346763930988e-06,1.63418186587826e-06,4.03808696782785e-06,3.57894511094234e-06,2.99018953134513e-06,15.2872006768699,0
28,-2.35619449019234,22.5,3.814697265625e-05,9.05990600585938e-06,5.7220458984375e-06,0,4.52995300292969e-05,3.67164611816406e-05,8.10623168945312e-06,9.5367431640625e-06,-0.592915515528948,-0.481274435233655,1,0.946573544520831,-0.527189811951791,-0.865420682724742,0.94732949069143,0.743134784059297,1.2664593401114e-06,1.10579113442139e-06,3.30324320623833e-06,3.32892244608498e-06,1.25809780812916e-06,3.48330891317798e-06,3.32236844595237e-06,1.85666626065477e-06,13.6744549434463,0
29,-2.35619449019234,30,0.000101566314697266,0.000100135803222656,0.000132083892822266,0.000119686126708984,2.90870666503906e-05,6.00814819335938e-05,0,3.38554382324219e-05,-0.228434276993022,-0.217776054111236,0.26295248902381,0.271297859476048,-0.387696952509784,-0.608067503564547,1,0.809351808721501,1.74239732375848e-06,1.25910453942553e-06,2.52901567950516e-06,3.23352758181172e-06,3.42786244187614e-06,8.06443735702394e-06,2.65476245981066e-05,1.85894245103716e-05,18.3110989270393,0
29,-2.35619449019234,30,7.10487365722656e-05,5.86509704589844e-05,8.72611999511719e-05,8.34465026855469e-05,3.14712524414062e-05,3.4332275390625e-05,0,9.5367431640625e-07,-0.236410602611764,-0.210766862894737,0.273035525274277,0.328816436703121,-0.409633930692499,-0.669721717098941,1,0.871949715969489,1.57382481390035e-06,1.16236403161524e-06,2.09174274500254e-06,3.1424293013448e-06,3.17932026298114e-06,8.24517394010402e-06,2.21881222390257e-05,1.81764159733975e-05,18.3110989270393,0
29,-2.35619449019234,30,5.14984130859375e-05,8.34465026855469e-05,9.77516174316406e-05,9.63211059570312e-05,4.57763671875e-05,0,2.43186950683594e-05,2.57492065429688e-05,-0.268192137354548,-0.222989013532497,0.25373508501892,0.381777131546225,-0.436756768294965,-0.713268221688122,1,0.976277062884415,1.21852344697865e-06,9.1613878016731e-07,1.30618427643878e-06,2.60974064470315e-06,2.48020339868201e-06,6.59752215311093e-06,1.53037302908495e-05,1.55787419562934e-05,16.5975565852767,0
29,-2.35619449019234,30,0.000142574310302734,8.48770141601562e-05,0.000112056732177734,0.000109195709228516,0,1.23977661132812e-05,1.47819519042969e-05,1.71661376953125e-05,-0.216370231860245,-0.144646893491051,-0.160732938331561,0.341849969501088,-0.336306176577581,-0.578607672401592,0.755204908216297,1,1.31222806672901e-06,9.86974796849557e-07,9.35159627945674e-07,3.80143501012013e-06,2.83481652133583e-06,7.40331636618466e-06,1.5393942030701e-05,2.98564342248951e-05,17.9079124936834,0
30,-2.35619449019234,37.5,0.000131607055664062,6.67572021484375e-05,0.000142097473144531,0.000177383422851562,1.66893005371094e-05,2.14576721191406e-05,0,5.24520874023438e-06,-0.101661778367779,-0.0961886186300979,0.0810137876574358,0.114768949651289,-0.170454840235823,-0.237755107421554,0.95530518028689,1,5.50214288844169e-07,4.02010239257499e-07,6.46007015017937e-07,1.21412635330607e-06,1.7012641581645e-06,3.73179842154367e-06,6.75224468946378e-05,7.52157484900117e-05,14.884014243514,0
30,-2.35619449019234,37.5,9.77516174316406e-05,9.63211059570312e-05,0.000173091888427734,0.000172615051269531,2.43186950683594e-05,2.00271606445312e-05,4.76837158203125e-06,0,-0.105575652169117,-0.101148937428244,-0.0792541018931563,0.127248747166359,-0.187829437756533,-0.2680704310906,0.959066704212437,1,6.49098692778834e-07,4.9242366733512e-07,7.36919200007502e-07,1.51801523868484e-06,2.04739645030561e-06,4.64623928816482e-06,7.08320535448587e-05,7.99903960071394e-05,16.1943701519208,0
30,-2.35619449019234,37.5,0.000103473663330078,0.000101089477539062,0.000174045562744141,0.000181674957275391,2.52723693847656e-05,1.66893005371094e-05,0,2.38418579101562e-06,-0.106937341247859,-0.0722780507558475,0.0770272338359774,0.114692651791136,-0.144217523022988,-0.221868266933512,0.959432115776012,1,5.19588216436203e-07,4.16906180684972e-07,5.46710254789693e-07,1.31501048615302e-06,1.6857488038213e-06,3.9750095388577e-06,8.75178896608914e-05,9.63486403220873e-05,15.6903871102259,0
30,-2.35619449019234,37.5,0.000103473663330078,0.000126361846923828,0.000172138214111328,0.000171661376953125,3.24249267578125e-05,2.14576721191406e-05,4.29153442382812e-06,0,-0.0956575799710641,-0.0969477413767993,0.0752531835941848,0.108316219368292,-0.175716883486649,-0.249675235912757,0.970253749501726,1,6.18354166378661e-07,4.58274223347274e-07,7.16430793412835e-07,1.33088986700605e-06,1.9791302906009e-06,4.56791104723074e-06,7.95926272511154e-05,8.74168829921245e-05,16.3959633685987,0
31,-1.5707963267949,7.5,2.71797180175781e-05,4.1961669921875e-05,7.58171081542969e-05,0,0.000146865844726562,0.000153064727783203,0.000141620635986328,9.10758972167969e-05,0.0995580740569415,-0.134718475582388,0.0955533533896935,-1,0.146376028111462,-0.186265489112255,0.152077756805231,-0.150561896922153,2.65928940503242e-06,3.36180075724787e-06,3.86524687582562e-06,0.000208383397849883,4.93660069496617e-06,7.12123503044464e-06,5.33321658761293e-06,6.36278185258024e-06,13.4728617267683,0
31,-1.5707963267949,7.5,1.23977661132812e-05,3.71932983398438e-05,6.72340393066406e-05,0,0.000154495239257812,0.000201702117919922,0.000149726867675781,8.67843627929688e-05,0.0536585428595307,-0.110054584805013,0.112599521916941,-1,0.12435996391152,-0.154405666338772,0.130295146842294,-0.11813256468297,2.20217241634264e-06,4.49104846983569e-06,5.76323911046855e-06,0.000375905329161509,5.52243266002398e-06,8.56133483962684e-06,6.44902945365274e-06,7.21287372018615e-06,17.4039294519885,0
31,-1.5707963267949,7.5,3.09944152832031e-05,4.48226928710938e-05,7.15255737304688e-05,0,0.000153064727783203,0.000119209289550781,0.000157833099365234,8.7738037109375e-05,0.0615001082443471,-0.111676293217876,0.0848604901375139,-1,0.119739746604798,-0.151335406188275,0.125471535541212,-0.124310171203226,2.60740874245024e-06,4.31995878370191e-06,4.82552740297194e-06,0.000351781693644448,5.75413939478078e-06,8.74886867410669e-06,6.4436717516212e-06,7.5117164959481e-06,16.1943701519208,0
31,-1.5707963267949,7.5,7.82012939453125e-05,4.1961669921875e-05,7.48634338378906e-05,0,0.000147819519042969,0.000157833099365234,0.000164031982421875,8.10623168945312e-05,0.0662721002789061,-0.115563970876869,0.0788894571816184,-1,0.118864843611126,-0.149231462769017,0.125435747320378,-0.127515108561891,2.328462440912e-06,3.55952334809718e-06,3.9435083534255e-06,0.000288514146516556,4.88833776982704e-06,7.19681502700383e-06,5.41352270225289e-06,6.19294146779776e-06,14.3800312018191,0
32,-1.5707963267949,15,4.05311584472656e-05,1.23977661132812e-05,4.33921813964844e-05,0,9.25064086914062e-05,0.000128746032714844,9.1552734375e-05,3.86238098144531e-05,0.30640356214846,-0.25859382945266,0.462061954581545,-1,0.390766203565029,-0.4472696573688,0.408947002229953,-0.423298569462194,9.05463560889749e-06,6.42225815058866e-06,2.08690232002135e-05,8.33487104342852e-05,1.49216746851934e-05,1.8542408735202e-05,1.60096026425739e-05,2.06243187139663e-05,16.1943701519208,0
32,-1.5707963267949,15,5.340576171875e-05,2.52723693847656e-05,5.38825988769531e-05,0,0.000110149383544922,0.000133991241455078,0.000109195709228516,5.43594360351562e-05,0.266464858921801,-0.239287739811491,0.42128066944083,-1,0.352306445832019,-0.411117034175898,0.371649269768054,-0.369432218703509,7.04431005064962e-06,5.44958561560214e-06,1.7576475660292e-05,8.15730785016797e-05,1.20777491270115e-05,1.53762173063904e-05,1.32101824498946e-05,1.65161360451989e-05,15.085607460192,0
32,-1.5707963267949,15,4.52995300292969e-05,9.34600830078125e-05,5.53131103515625e-05,0,0.000102043151855469,0.000136852264404297,0.000104904174804688,4.1961669921875e-05,0.250774433074051,-0.224156763111721,0.396369063562459,-1,0.337054165783349,-0.39083599931602,0.354881056529498,-0.381131261126742,8.12134992797093e-06,6.22698298374653e-06,1.993291562003e-05,9.79698848944637e-05,1.3764847492902e-05,1.75010500118711e-05,1.48822207351847e-05,1.9290470182106e-05,16.3959633685987,0
32,-1.5707963267949,15,3.33786010742188e-06,2.90870666503906e-05,4.62532043457031e-05,0,0.000101566314697266,0.000136375427246094,9.918212890625e-05,3.67164611816406e-05,0.222869110450437,-0.199401909463486,0.358778157271249,-1,0.309952310846951,-0.353112003680233,0.326138329592695,-0.362940358766082,9.26467245564327e-06,7.36453277118022e-06,2.33664477215087e-05,0.000136077736021175,1.5898816640201e-05,1.98567303513158e-05,1.70247889128333e-05,2.28030562892603e-05,18.8150819687342,0
33,-1.5707963267949,22.5,6.53266906738281e-05,0.000108718872070312,7.48634338378906e-05,1.19209289550781e-05,6.58035278320312e-05,6.67572021484375e-05,6.81877136230469e-05,0,0.491916695123398,-0.421671722073304,0.7920912817136,-1,0.686595421972767,-0.712007978252764,0.705941758126676,-0.907150732697137,8.43950582386793e-06,5.74256812446813e-06,2.19234224403598e-05,3.49087773220031e-05,1.52586183124538e-05,1.69091928968226e-05,1.70764779621774e-05,2.93007647359973e-05,14.783217635175,0
33,-1.5707963267949,22.5,5.53131103515625e-05,9.77516174316406e-05,5.7220458984375e-05,1.9073486328125e-06,3.67164611816406e-05,8.58306884765625e-05,5.48362731933594e-05,0,0.458779317868686,-0.396158930269953,0.747834120144127,-1,0.638372653437275,-0.66717548550995,0.657743660781098,-0.90658276082974,9.483916471373e-06,6.3018870939324e-06,2.4871046265607e-05,3.91907507024323e-05,1.71319518391655e-05,1.86017039854512e-05,1.91758224933772e-05,3.34765224521524e-05,15.8919803269038,0
33,-1.5707963267949,22.5,6.103515625e-05,0.000100612640380859,6.81877136230469e-05,1.04904174804688e-05,6.34193420410156e-05,9.58442687988281e-05,7.15255737304688e-05,0,0.481139941751153,-0.404767874724991,0.742774104796005,-1,0.6797381917121,-0.675607468917601,0.659711817934618,-0.910520725366962,9.41214170495961e-06,6.08543383857382e-06,2.20890661011531e-05,3.56679848012623e-05,1.69610131329671e-05,1.78068151512222e-05,1.75703577355872e-05,3.15996681207121e-05,15.186404068531,0
33,-1.5707963267949,22.5,6.58035278320312e-05,9.5367431640625e-05,5.53131103515625e-05,0,3.95774841308594e-05,7.2479248046875e-05,6.15119934082031e-05,1.9073486328125e-06,0.43758810816687,-0.352156796022414,0.665921921674151,-1,0.601052529642705,-0.568979092219072,0.568366187984091,-0.920272432439295,1.39493560599168e-05,8.74033748628461e-06,3.12942503832376e-05,5.55508279959839e-05,2.52825641923238e-05,2.49008166070956e-05,2.42103035666157e-05,4.99494547095555e-05,19.3190650104291,0
34,-1.5707963267949,30,0.000106334686279297,0.000147819519042969,0.000105857849121094,5.76972961425781e-05,1.66893005371094e-05,2.43186950683594e-05,4.9591064453125e-05,0,0.303604864689604,-0.304557954314681,0.45686967677753,-0.470599144994743,0.45412227506158,-0.389341427635441,0.422026590404975,-1,6.58206998137986e-06,4.64857992679883e-06,1.4739248145499e-05,1.71249067684033e-05,1.26131634008079e-05,1.41782932270399e-05,1.26612223624136e-05,6.01370537189682e-05,14.3800312018191,0
34,-1.5707963267949,30,0.000100135803222656,0.000150680541992188,0.000103473663330078,3.95774841308594e-05,5.00679016113281e-05,2.05039978027344e-05,4.29153442382812e-05,0,0.291470416964539,-0.301976331255885,0.440466679546709,-0.444796440112583,0.425148448653023,-0.371697842291537,0.408148867977937,-1,7.04588028270101e-06,4.9074895129825e-06,1.6085321116169e-05,1.81418664775427e-05,1.31628401939582e-05,1.51471340524199e-05,1.40365728291817e-05,6.44108206530511e-05,14.884014243514,0
34,-1.5707963267949,30,9.72747802734375e-05,0.000152111053466797,0.000108242034912109,4.38690185546875e-05,5.00679016113281e-05,2.95639038085938e-05,4.62532043457031e-05,0,0.280294592794052,-0.285019945544116,0.416949238259468,-0.429907215135036,0.408592733199478,-0.344708312654813,0.370174412496332,-1,8.29510737052519e-06,5.74319301750506e-06,1.8512397475001e-05,2.15483510269796e-05,1.62446628568064e-05,1.71804113543249e-05,1.55260982071453e-05,7.90044480226476e-05,16.4967599769377,0
34,-1.5707963267949,30,0.000101566314697266,0.000145912170410156,9.77516174316406e-05,3.71932983398438e-05,5.29289245605469e-05,2.6702880859375e-05,3.29017639160156e-05,0,0.28382320801365,-0.282599980481019,0.440572425580662,-0.46019509381016,0.390460369610753,-0.345453318229158,0.403113308274802,-1,8.99969784173556e-06,6.33452797158253e-06,2.17256180796724e-05,2.53643756635294e-05,1.70990501598635e-05,1.87856353325754e-05,1.90211036992982e-05,8.65316683003367e-05,18.0087091020224,0
35,-1.5707963267949,37.5,0.000270366668701172,0.000287055969238281,0.000275611877441406,0.000203132629394531,0.000152587890625,0.000223159790039062,0.000156879425048828,0,0.125022383098062,-0.128596317438035,0.178836600876331,-0.170094288229336,0.129721221559475,-0.184156933674338,0.116425147121798,-1,4.51597069542817e-06,3.42825003937852e-06,9.49428490346653e-06,1.04556280349409e-05,6.5814578597602e-06,1.20947274814651e-05,6.64778968794957e-06,0.000206309987287612,16.2951667602597,0
35,-1.5707963267949,37.5,0.000168323516845703,0.000221729278564453,0.000194549560546875,0.000163555145263672,9.72747802734375e-05,0.000114917755126953,9.67979431152344e-05,0,0.117086261221544,-0.112248656185339,0.166415965824895,-0.160071522524954,0.107615949880376,-0.172872188986361,0.105061830187303,-1,3.9401144581188e-06,3.10855727159332e-06,8.71362086504351e-06,9.63735379910415e-06,5.18912741390074e-06,1.10624408007954e-05,5.50577719559535e-06,0.000249773946855126,17.6055226686665,0
35,-1.5707963267949,37.5,0.000181198120117188,0.000168800354003906,0.000174045562744141,0.000169754028320312,8.53538513183594e-05,0.000121116638183594,6.15119934082031e-05,0,0.114181642961587,-0.112304837544604,0.160681876025456,-0.151281260080308,0.107989734083722,-0.171259506615831,0.1046101769068,-1,3.77399194953818e-06,2.83993943525087e-06,8.42940553987296e-06,8.79992923728508e-06,4.96565790547097e-06,1.02165005085609e-05,5.36731237250873e-06,0.000236559177402168,17.1015396269716,0
35,-1.5707963267949,37.5,0.000164985656738281,0.00016021728515625,0.000166416168212891,0.000170707702636719,9.63211059570312e-05,0.000126361846923828,9.96589660644531e-05,0,0.111747730643815,-0.110045223216919,0.163383571354877,-0.177449589861506,0.101617793127842,-0.168208684087792,0.102084743567177,-1,8.65611142281794e-06,6.72483869120329e-06,1.86272823390363e-05,2.09573216999777e-05,1.21289794613879e-05,2.3783404800194e-05,1.32933216505232e-05,0.000397260206037105,22.5445564772764,0
36,-0.785398163397448,7.5,1.33514404296875e-05,1.28746032714844e-05,2.05039978027344e-05,0,0.000174045562744141,0.000150203704833984,0.000139236450195312,0.000173568725585938,0.712998505545954,-0.0884806632034914,-0.127521451237502,1,0.0706371315338478,-0.0831354257054685,-0.0865230595664058,0.0747091584960552,5.84088689815175e-05,1.72632391482195e-06,1.39515509565218e-05,0.00011315373899044,6.7721664859332e-07,1.22336110527478e-06,7.79274227930274e-07,7.68340986152954e-07,16.2951667602597,0
36,-0.785398163397448,7.5,0,1.85966491699219e-05,1.28746032714844e-05,1.9073486328125e-06,0.000169754028320312,0.0001373291015625,0.000140190124511719,0.000172138214111328,0.704102882430129,-0.0999617605744797,-0.138649168020427,1,-0.0639410885184481,0.0897847758679663,-0.0987767180398268,0.0993820006179117,6.05371378819807e-05,2.05063252292661e-06,1.56602333588044e-05,0.000120996119554813,8.2881979759475e-07,1.85144981960312e-06,1.1395200750898e-06,1.19760712482223e-06,18.0087091020224,0
36,-0.785398163397448,7.5,7.15255737304688e-06,1.76429748535156e-05,5.57899475097656e-05,0,0.000171184539794922,0.000130653381347656,0.000141143798828125,0.000174522399902344,0.700745773463151,-0.0998256251090705,-0.130641935649398,1,-0.0615041394352991,0.0888298548469031,-0.0981803039599811,0.0984897451179653,5.46730191301507e-05,1.80741796851384e-06,1.39922274455957e-05,0.000108223368367229,6.62912211201944e-07,1.58036324176652e-06,9.94875020103376e-07,1.00137447455167e-06,16.8999464102936,0
36,-0.785398163397448,7.5,1.1444091796875e-05,1.28746032714844e-05,5.81741333007812e-05,0,0.000171661376953125,0.000138282775878906,0.000141143798828125,0.000172615051269531,0.706689050188132,-0.0972653024009665,-0.146424927774977,1,0.0684404456071988,0.0826908766057495,-0.0944666358936878,0.0874836284078965,5.2510777425924e-05,1.76406260192093e-06,1.39032412115226e-05,0.00010330811992924,7.14186059854263e-07,1.42182938566401e-06,9.50722673583327e-07,8.87880906212877e-07,16.5975565852767,0
37,-0.785398163397448,15,1.19209289550781e-05,5.38825988769531e-05,6.38961791992188e-05,0,8.29696655273438e-05,0.000115871429443359,6.81877136230469e-05,8.44001770019531e-05,0.981848420566962,-0.306522987105225,-0.552333054845245,1,0.280555683145914,-0.277827981165734,-0.265528583565991,0.191863881529705,1.32089302577161e-05,2.00433382594819e-06,1.25345602953331e-05,1.32660908449132e-05,1.37060371971028e-06,2.11564226270021e-06,1.55805136554931e-06,1.04724839153204e-06,17.6055226686665,0
37,-0.785398163397448,15,1.09672546386719e-05,5.00679016113281e-05,5.62667846679688e-05,0,6.4849853515625e-05,0.000106334686279297,0.000105381011962891,7.15255737304688e-05,1,-0.339932495475508,-0.624469404694234,0.90192574946148,0.339250955028948,-0.319778331861525,-0.32672225923582,-0.192024813445058,1.22038710848177e-05,2.00793724918589e-06,1.22810937062544e-05,8.4539377660548e-06,1.6321251013073e-06,2.23434513759531e-06,1.74553553683163e-06,9.86342276285459e-07,17.8071158853444,0
37,-0.785398163397448,15,1.1444091796875e-05,5.76972961425781e-05,0.000125408172607422,0,0.000104904174804688,0.00011444091796875,0.000104904174804688,7.53402709960938e-05,0.866139804636905,-0.307755697382862,-0.563976749778147,1,0.230407504476179,-0.266098724400894,-0.307628338457851,0.196809126593473,1.028023450933e-05,1.89856296944092e-06,1.22656723959146e-05,1.25828499703634e-05,1.09647885731565e-06,2.09663033768919e-06,1.73244430006319e-06,9.43581812818141e-07,17.9079124936834,0
37,-0.785398163397448,15,1.09672546386719e-05,5.81741333007812e-05,6.05583190917969e-05,0,0.000107765197753906,8.34465026855469e-05,0.000110149383544922,5.29289245605469e-05,0.844164134265802,-0.304378537780541,-0.539525670964898,1,0.22227092141564,-0.263302457168596,-0.289633668077792,0.200390275963027,9.22199779911648e-06,1.70054961516163e-06,1.10949277383789e-05,1.21271186785573e-05,1.00048697253102e-06,1.92003243275619e-06,1.54408053301327e-06,8.87170545952329e-07,16.7991498019546,0
38,-0.785398163397448,22.5,0,5.43594360351562e-05,6.19888305664062e-05,6.96182250976562e-05,6.05583190917969e-05,8.91685485839844e-05,8.7738037109375e-05,1.09672546386719e-05,0.82753750663729,-0.569468997850457,-0.95726537550196,1,0.705469811338836,-0.853110001281616,-0.832088864864952,0.921904974843948,3.76625950564096e-06,2.46539239552771e-06,1.25307795485423e-05,5.8381449374932e-06,3.32526347716216e-06,6.33218007918921e-06,4.853719569095e-06,4.37770597969433e-06,22.6453530856154,0
38,-0.785398163397448,22.5,0,8.10623168945312e-05,2.52723693847656e-05,8.63075256347656e-05,7.91549682617188e-05,0.000112533569335938,0.000108242034912109,8.0108642578125e-05,0.823853375582095,-0.564971696738475,-1,0.871351021104419,0.798127150822883,-0.87816838527042,-0.936410284021502,0.87709862345624,2.92872128548023e-06,1.68384901822123e-06,9.35319361854503e-06,3.03503338605328e-06,3.06834050220179e-06,4.19810524695409e-06,3.84621459429332e-06,2.65610912246401e-06,19.4198616187681,0
38,-0.785398163397448,22.5,0,7.00950622558594e-05,7.48634338378906e-05,2.288818359375e-05,6.81877136230469e-05,0.000102996826171875,0.000105381011962891,7.05718994140625e-05,0.760576687577658,-0.547572582379007,-1,0.903913437962895,0.708851994921793,-0.852174439397965,-0.906596792115255,0.895306985985746,2.88600951920453e-06,1.7761475899398e-06,9.83088613511474e-06,3.7389158835722e-06,2.91856513886395e-06,4.76711041713162e-06,4.16120141497072e-06,3.18374990933159e-06,19.4198616187681,0
38,-0.785398163397448,22.5,1.81198120117188e-05,1.9073486328125e-06,2.86102294921875e-05,1.19209289550781e-05,0,3.48091125488281e-05,3.4332275390625e-05,2.38418579101562e-06,0.721304738702876,-0.536574374736913,-1,0.958169607619823,0.622971625076126,-0.851922361618033,-0.867141998042245,0.90849993868953,2.24930734430644e-06,1.57655831271122e-06,9.12830292754028e-06,3.66651851744341e-06,2.07546254181948e-06,4.10301646785054e-06,3.72224614773434e-06,2.97293920792194e-06,18.9158785770732,0
39,-0.785398163397448,30,0.000108242034912109,7.05718994140625e-05,0.000116825103759766,0.000111579895019531,1.9073486328125e-06,0,3.33786010742188e-05,4.76837158203125e-06,0.252011079811345,-0.240523050411128,-0.413147075482652,0.340514157028662,0.760932671327453,-0.654486409221261,-0.56397944966762,1,1.3491759489313e-06,1.02502889453026e-06,4.45581266921848e-06,2.34501003108924e-06,8.74304980993227e-06,5.34750901659638e-06,4.15229184407186e-06,1.34949413328584e-05,18.7142853603952,0
39,-0.785398163397448,30,9.44137573242188e-05,0.000112533569335938,6.00814819335938e-05,6.15119934082031e-05,0,2.47955322265625e-05,2.86102294921875e-05,1.43051147460938e-06,0.276930633559072,-0.251547312004794,-0.440599756206053,0.359062337031918,0.752017240513948,-0.663181864289186,-0.568858561803476,1,8.25444311274209e-07,7.04566229745946e-07,3.39617747096114e-06,1.4280478316798e-06,5.15070843887367e-06,3.5251555875634e-06,2.92337470128356e-06,8.44363751659102e-06,15.7911837185648,0
39,-0.785398163397448,30,0.000150203704833984,0.000110149383544922,0.000146389007568359,0.000133037567138672,0,1.9073486328125e-05,6.77108764648438e-05,4.52995300292969e-05,-0.207711797503831,-0.201126120300821,-0.377797862344217,0.328316342950181,0.571239070327639,-0.548763375373706,-0.486385849953181,1,1.21274116697804e-06,1.07067771361982e-06,4.86610621303548e-06,2.88359109310948e-06,7.42434391215453e-06,5.85004261003882e-06,4.79587388460627e-06,2.01558409093837e-05,19.5206582271071,0
39,-0.785398163397448,30,4.57763671875e-05,0.000111579895019531,0.000103473663330078,0.000133514404296875,0,1.28746032714844e-05,1.66893005371094e-05,0,-0.201551753088672,-0.194201537535036,-0.368869890666961,0.301138388162847,0.633569257356182,-0.537390834862948,-0.505904625791915,1,1.59749009756839e-06,1.34200106977033e-06,5.94389762740089e-06,3.34581674027736e-06,1.10750971735455e-05,7.20795264383086e-06,5.79286338821175e-06,2.35968943506096e-05,21.1334039605307,0
40,-0.785398163397448,37.5,8.34465026855469e-05,7.43865966796875e-05,0.000138282775878906,0.000169277191162109,1.04904174804688e-05,2.81333923339844e-05,2.38418579101562e-05,0,0.115466330281312,-0.100510119952812,-0.10938481891985,-0.12105888562696,1,-0.197971800370338,-0.183036454607769,0.859925254818688,1.55907790483094e-06,8.58516194432654e-07,2.10398947540557e-06,1.2358980017627e-06,0.00010285818585005,3.81788458928052e-06,3.25758099946577e-06,6.78931398129866e-05,20.4278277021579,0
40,-0.785398163397448,37.5,0.000173091888427734,0.000137805938720703,0.000134468078613281,9.01222229003906e-05,0,2.05039978027344e-05,1.81198120117188e-05,1.43051147460938e-05,0.0997172840917443,-0.0825370211800155,-0.0841066120618174,-0.0941625416343536,0.931828758746248,-0.168498198013058,-0.151804565707758,1,1.37384257474486e-06,7.52418544764482e-07,1.91447638511599e-06,1.0887237421507e-06,0.000122951067842457,3.78493343106123e-06,3.17253822028583e-06,0.000131439604899297,21.1334039605307,0
40,-0.785398163397448,37.5,9.10758972167969e-05,0.000108718872070312,0.000145435333251953,0.000173568725585938,9.5367431640625e-06,3.24249267578125e-05,3.00407409667969e-05,0,0.0863325901706972,-0.0730740783583644,-0.0887009741152499,-0.0838300565671971,0.932854815514738,-0.159950671580089,-0.151621768784298,1,2.50441953429603e-06,1.17772319168358e-06,3.82780005256196e-06,1.93244779313097e-06,0.000194117290666124,6.42921320185571e-06,5.69505521972645e-06,0.000205238903414242,25.6692513357848,0
40,-0.785398163397448,37.5,5.57899475097656e-05,6.43730163574219e-05,0.000137805938720703,0.000171184539794922,6.19888305664062e-06,2.52723693847656e-05,2.09808349609375e-05,0,0.0869658621440738,-0.0792812994337632,-0.112541497135504,-0.0823014303373535,0.962698045740687,-0.186781635079459,-0.173173720945342,1,1.70700611805607e-06,9.55440988112447e-07,2.85283165948405e-06,1.62936701489096e-06,0.000144170905159584,5.46636170362268e-06,4.62146991592811e-06,0.000144744224407805,23.4517259523273,0
